id,partnerID,name,recurrence,capacity
1,4,rent,"{""timing"":3,""dayOfTheMonth"":15}","{""cents"":{""numberOfDimes"":0,""numberOfPennies"":0},""dollars"":1650,""isNegative"":false}"
2,13,Utilities,"{""timing"":3,""dayOfTheMonth"":8}","{""cents"":{""numberOfDimes"":0,""numberOfPennies"":0},""dollars"":228,""isNegative"":false}"
3,13,Car payment,"{""timing"":3,""dayOfTheMonth"":4}","{""cents"":{""numberOfDimes"":0,""numberOfPennies"":0},""dollars"":338,""isNegative"":false}"
4,13,Car insurance,"{""timing"":3,""dayOfTheMonth"":12}","{""cents"":{""numberOfDimes"":0,""numberOfPennies"":0},""dollars"":201,""isNegative"":false}"
37,7,Electric,"{""timing"":3,""dayOfTheMonth"":15}","{""cents"":{""numberOfDimes"":0,""numberOfPennies"":0},""dollars"":100,""isNegative"":false}"
38,7,Rent,"{""timing"":3,""dayOfTheMonth"":1}","{""cents"":{""numberOfDimes"":0,""numberOfPennies"":0},""dollars"":2000,""isNegative"":false}"
39,7,Car,"{""timing"":0}","{""cents"":{""numberOfDimes"":0,""numberOfPennies"":0},""dollars"":20000,""isNegative"":false}"
40,7,Tesla,"{""timing"":0}","{""cents"":{""numberOfDimes"":0,""numberOfPennies"":0},""dollars"":20000,""isNegative"":false}"
41,7,Misc,"{""timing"":3,""dayOfTheMonth"":1}","{""cents"":{""numberOfDimes"":0,""numberOfPennies"":0},""dollars"":10,""isNegative"":false}"
42,11,Car,"{""timing"":3,""dayOfTheMonth"":4}","{""cents"":{""numberOfDimes"":0,""numberOfPennies"":0},""dollars"":396,""isNegative"":false}"
43,11,Mortgage,"{""timing"":3,""dayOfTheMonth"":1}","{""cents"":{""numberOfDimes"":0,""numberOfPennies"":0},""dollars"":726,""isNegative"":false}"
44,23,Phone Bill,"{""timing"":3,""dayOfTheMonth"":6}","{""cents"":{""numberOfDimes"":0,""numberOfPennies"":0},""dollars"":75,""isNegative"":false}"
45,23,Car,"{""timing"":3,""dayOfTheMonth"":22}","{""cents"":{""numberOfDimes"":0,""numberOfPennies"":0},""dollars"":207,""isNegative"":false}"
46,36,Rent,"{""timing"":3,""dayOfTheMonth"":1}","{""cents"":{""numberOfDimes"":0,""numberOfPennies"":0},""dollars"":815,""isNegative"":false}"
47,60,California✨,"{""timing"":0}","{""cents"":{""numberOfDimes"":0,""numberOfPennies"":0},""dollars"":4000,""isNegative"":false}"
48,33,Car payment,"{""timing"":3,""dayOfTheMonth"":2}","{""cents"":{""numberOfDimes"":0,""numberOfPennies"":0},""dollars"":391,""isNegative"":false}"
49,68,Phone,"{""timing"":3,""dayOfTheMonth"":18}","{""cents"":{""numberOfDimes"":0,""numberOfPennies"":0},""dollars"":155,""isNegative"":false}"
50,115,Rent,"{""timing"":3,""dayOfTheMonth"":1}","{""cents"":{""numberOfDimes"":0,""numberOfPennies"":0},""dollars"":390,""isNegative"":false}"
51,33,Saving for my tesla,"{""timing"":0}","{""cents"":{""numberOfDimes"":0,""numberOfPennies"":0},""dollars"":10000,""isNegative"":false}"
52,183,Mortgage,"{""timing"":3,""dayOfTheMonth"":1}","{""cents"":{""numberOfDimes"":0,""numberOfPennies"":0},""dollars"":1044,""isNegative"":false}"
53,221,Car Payment,"{""timing"":3,""dayOfTheMonth"":1}","{""cents"":{""numberOfDimes"":0,""numberOfPennies"":0},""dollars"":578,""isNegative"":false}"
54,224,Rent,"{""timing"":3,""dayOfTheMonth"":1}","{""cents"":{""numberOfDimes"":0,""numberOfPennies"":0},""dollars"":750,""isNegative"":false}"
55,183,Motorcycle,"{""timing"":3,""dayOfTheMonth"":26}","{""cents"":{""numberOfDimes"":0,""numberOfPennies"":0},""dollars"":247,""isNegative"":false}"
56,169,Rent,"{""timing"":3,""dayOfTheMonth"":1}","{""cents"":{""numberOfDimes"":0,""numberOfPennies"":0},""dollars"":943,""isNegative"":false}"
57,68,Peloton Membership,"{""timing"":3,""dayOfTheMonth"":12}","{""cents"":{""numberOfDimes"":0,""numberOfPennies"":0},""dollars"":43,""isNegative"":false}"
58,190,Rent,"{""timing"":0}","{""cents"":{""numberOfDimes"":0,""numberOfPennies"":0},""dollars"":1840,""isNegative"":false}"
59,224,Car Payment,"{""timing"":3,""dayOfTheMonth"":15}","{""cents"":{""numberOfDimes"":0,""numberOfPennies"":0},""dollars"":250,""isNegative"":false}"
60,251,Rent,"{""timing"":3,""dayOfTheMonth"":28}","{""cents"":{""numberOfDimes"":0,""numberOfPennies"":0},""dollars"":300,""isNegative"":false}"
61,115,Rent,"{""timing"":3,""dayOfTheMonth"":1}","{""cents"":{""numberOfDimes"":0,""numberOfPennies"":0},""dollars"":390,""isNegative"":false}"
62,22,Rent,"{""timing"":3,""dayOfTheMonth"":1}","{""cents"":{""numberOfDimes"":0,""numberOfPennies"":0},""dollars"":1020,""isNegative"":false}"
63,183,HOA,"{""timing"":3,""dayOfTheMonth"":28}","{""cents"":{""numberOfDimes"":0,""numberOfPennies"":0},""dollars"":250,""isNegative"":false}"
64,221,Verizon,"{""timing"":3,""dayOfTheMonth"":4}","{""cents"":{""numberOfDimes"":0,""numberOfPennies"":0},""dollars"":250,""isNegative"":false}"
65,190,Car payment,"{""timing"":3,""dayOfTheMonth"":17}","{""cents"":{""numberOfDimes"":0,""numberOfPennies"":0},""dollars"":505,""isNegative"":false}"
66,221,La Financa,"{""timing"":3,""dayOfTheMonth"":24}","{""cents"":{""numberOfDimes"":0,""numberOfPennies"":0},""dollars"":100,""isNegative"":false}"
67,221,La Finance,"{""timing"":3,""dayOfTheMonth"":24}","{""cents"":{""numberOfDimes"":0,""numberOfPennies"":0},""dollars"":100,""isNegative"":false}"
68,178,Savings,"{""timing"":0}","{""cents"":{""numberOfDimes"":0,""numberOfPennies"":0},""dollars"":5000,""isNegative"":false}"
69,190,Rent,"{""timing"":3,""dayOfTheMonth"":1}","{""cents"":{""numberOfDimes"":0,""numberOfPennies"":0},""dollars"":570,""isNegative"":false}"
70,190,Car Payment,"{""timing"":3,""dayOfTheMonth"":17}","{""cents"":{""numberOfDimes"":0,""numberOfPennies"":0},""dollars"":505,""isNegative"":false}"
71,221,Trip to Mexico,"{""timing"":0}","{""cents"":{""numberOfDimes"":0,""numberOfPennies"":0},""dollars"":1500,""isNegative"":false}"
72,115,Car insurance,"{""timing"":3,""dayOfTheMonth"":12}","{""cents"":{""numberOfDimes"":0,""numberOfPennies"":0},""dollars"":277,""isNegative"":false}"
73,221,Trip to Pari,"{""timing"":0}","{""cents"":{""numberOfDimes"":0,""numberOfPennies"":0},""dollars"":3000,""isNegative"":false}"
74,22,CR-V,"{""timing"":3,""dayOfTheMonth"":27}","{""cents"":{""numberOfDimes"":0,""numberOfPennies"":0},""dollars"":605,""isNegative"":false}"
75,49,Phone Bill,"{""timing"":3,""dayOfTheMonth"":28}","{""cents"":{""numberOfDimes"":0,""numberOfPennies"":0},""dollars"":165,""isNegative"":false}"
76,49,Internet,"{""timing"":3,""dayOfTheMonth"":13}","{""cents"":{""numberOfDimes"":0,""numberOfPennies"":0},""dollars"":70,""isNegative"":false}"
77,44,GT Mustang,"{""timing"":0}","{""cents"":{""numberOfDimes"":0,""numberOfPennies"":0},""dollars"":7000,""isNegative"":false}"
78,144,Rent,"{""timing"":3,""dayOfTheMonth"":1}","{""cents"":{""numberOfDimes"":0,""numberOfPennies"":0},""dollars"":450,""isNegative"":false}"
79,44,IRA Roth,"{""timing"":3,""dayOfTheMonth"":15}","{""cents"":{""numberOfDimes"":0,""numberOfPennies"":0},""dollars"":500,""isNegative"":false}"
80,191,Rent,"{""timing"":3,""dayOfTheMonth"":1}","{""cents"":{""numberOfDimes"":0,""numberOfPennies"":0},""dollars"":727,""isNegative"":false}"
81,42,Gaming setup,"{""timing"":0}","{""cents"":{""numberOfDimes"":0,""numberOfPennies"":0},""dollars"":5000,""isNegative"":false}"
82,191,Rent,"{""timing"":3,""dayOfTheMonth"":1}","{""cents"":{""numberOfDimes"":0,""numberOfPennies"":0},""dollars"":727,""isNegative"":false}"
83,151,Car,"{""timing"":3,""dayOfTheMonth"":15}","{""cents"":{""numberOfDimes"":0,""numberOfPennies"":0},""dollars"":520,""isNegative"":false}"
84,74,Rent,"{""timing"":3,""dayOfTheMonth"":28}","{""cents"":{""numberOfDimes"":0,""numberOfPennies"":0},""dollars"":300,""isNegative"":false}"
85,144,Discover Card,"{""timing"":3,""dayOfTheMonth"":18}","{""cents"":{""numberOfDimes"":0,""numberOfPennies"":0},""dollars"":100,""isNegative"":false}"
86,144,Capital Card,"{""timing"":3,""dayOfTheMonth"":3}","{""cents"":{""numberOfDimes"":0,""numberOfPennies"":0},""dollars"":100,""isNegative"":false}"
87,116,phone and insurance,"{""timing"":3,""dayOfTheMonth"":15}","{""cents"":{""numberOfDimes"":0,""numberOfPennies"":0},""dollars"":454,""isNegative"":false}"
88,66,Rent,"{""timing"":3,""dayOfTheMonth"":1}","{""cents"":{""numberOfDimes"":0,""numberOfPennies"":0},""dollars"":475,""isNegative"":false}"
89,30,Car Payment,"{""timing"":3,""dayOfTheMonth"":11}","{""cents"":{""numberOfDimes"":0,""numberOfPennies"":0},""dollars"":335,""isNegative"":false}"
90,30,Car Insurance,"{""timing"":3,""dayOfTheMonth"":23}","{""cents"":{""numberOfDimes"":0,""numberOfPennies"":0},""dollars"":178,""isNegative"":false}"
91,191,Car Insurance,"{""timing"":3,""dayOfTheMonth"":17}","{""cents"":{""numberOfDimes"":0,""numberOfPennies"":0},""dollars"":103,""isNegative"":false}"
92,191,Apple One,"{""timing"":3,""dayOfTheMonth"":3}","{""cents"":{""numberOfDimes"":0,""numberOfPennies"":0},""dollars"":30,""isNegative"":false}"
93,183,Emergency fund,"{""timing"":0}","{""cents"":{""numberOfDimes"":0,""numberOfPennies"":0},""dollars"":5000,""isNegative"":false}"
94,183,Student loand,"{""timing"":3,""dayOfTheMonth"":13}","{""cents"":{""numberOfDimes"":0,""numberOfPennies"":0},""dollars"":400,""isNegative"":false}"
95,183,Wells fargo,"{""timing"":3,""dayOfTheMonth"":28}","{""cents"":{""numberOfDimes"":0,""numberOfPennies"":0},""dollars"":300,""isNegative"":false}"
96,183,Discover,"{""timing"":3,""dayOfTheMonth"":1}","{""cents"":{""numberOfDimes"":0,""numberOfPennies"":0},""dollars"":150,""isNegative"":false}"
97,115,Electric,"{""timing"":3,""dayOfTheMonth"":5}","{""cents"":{""numberOfDimes"":0,""numberOfPennies"":0},""dollars"":200,""isNegative"":false}"
98,174,Rent,"{""timing"":3,""dayOfTheMonth"":1}","{""cents"":{""numberOfDimes"":0,""numberOfPennies"":0},""dollars"":430,""isNegative"":false}"
99,193,Car Down Payment,"{""timing"":0}","{""cents"":{""numberOfDimes"":0,""numberOfPennies"":0},""dollars"":4000,""isNegative"":false}"
100,7,Rent,"{""timing"":3,""dayOfTheMonth"":1}","{""cents"":{""numberOfDimes"":0,""numberOfPennies"":0},""dollars"":100,""isNegative"":false}"
101,255,Car,"{""timing"":3,""dayOfTheMonth"":18}","{""cents"":{""numberOfDimes"":0,""numberOfPennies"":0},""dollars"":500,""isNegative"":false}"
102,259,Credit card,"{""timing"":3,""dayOfTheMonth"":16}","{""cents"":{""numberOfDimes"":0,""numberOfPennies"":0},""dollars"":100,""isNegative"":false}"
103,259,Credit card,"{""timing"":3,""dayOfTheMonth"":23}","{""cents"":{""numberOfDimes"":0,""numberOfPennies"":0},""dollars"":100,""isNegative"":false}"
104,259,Car,"{""timing"":3,""dayOfTheMonth"":22}","{""cents"":{""numberOfDimes"":0,""numberOfPennies"":0},""dollars"":587,""isNegative"":false}"
105,259,Cell phone,"{""timing"":3,""dayOfTheMonth"":7}","{""cents"":{""numberOfDimes"":0,""numberOfPennies"":0},""dollars"":200,""isNegative"":false}"
106,47,Rent,"{""timing"":3,""dayOfTheMonth"":1}","{""cents"":{""numberOfDimes"":0,""numberOfPennies"":0},""dollars"":900,""isNegative"":false}"
107,47,Internet,"{""timing"":3,""dayOfTheMonth"":1}","{""cents"":{""numberOfDimes"":0,""numberOfPennies"":0},""dollars"":89,""isNegative"":false}"
108,259,Our 4500 sqft house,"{""timing"":0}","{""cents"":{""numberOfDimes"":0,""numberOfPennies"":0},""dollars"":5000,""isNegative"":false}"
109,269,Emergency fund,"{""timing"":0}","{""cents"":{""numberOfDimes"":0,""numberOfPennies"":0},""dollars"":2100,""isNegative"":false}"
110,275,Rent,"{""timing"":3,""dayOfTheMonth"":1}","{""cents"":{""numberOfDimes"":0,""numberOfPennies"":0},""dollars"":1649,""isNegative"":false}"
111,47,Netflix,"{""timing"":3,""dayOfTheMonth"":15}","{""cents"":{""numberOfDimes"":0,""numberOfPennies"":0},""dollars"":18,""isNegative"":false}"
112,47,Insurance,"{""timing"":3,""dayOfTheMonth"":22}","{""cents"":{""numberOfDimes"":0,""numberOfPennies"":0},""dollars"":107,""isNegative"":false}"
113,47,Disney Plus,"{""timing"":3,""dayOfTheMonth"":27}","{""cents"":{""numberOfDimes"":0,""numberOfPennies"":0},""dollars"":14,""isNegative"":false}"
115,37,Car Bill,"{""timing"":3,""dayOfTheMonth"":21}","{""cents"":{""numberOfDimes"":0,""numberOfPennies"":0},""dollars"":291,""isNegative"":false}"
117,46,Rent,"{""timing"":3,""dayOfTheMonth"":1}","{""cents"":{""numberOfDimes"":0,""numberOfPennies"":0},""dollars"":1560,""isNegative"":false}"
118,297,Rent,"{""timing"":3,""dayOfTheMonth"":1}","{""cents"":{""numberOfDimes"":0,""numberOfPennies"":0},""dollars"":1360,""isNegative"":false}"
119,299,Rent,"{""timing"":3,""dayOfTheMonth"":3}","{""cents"":{""numberOfDimes"":0,""numberOfPennies"":0},""dollars"":750,""isNegative"":false}"
120,271,Rent,"{""timing"":3,""dayOfTheMonth"":1}","{""cents"":{""numberOfDimes"":0,""numberOfPennies"":0},""dollars"":1030,""isNegative"":false}"
121,297,Internet,"{""timing"":3,""dayOfTheMonth"":1}","{""cents"":{""numberOfDimes"":0,""numberOfPennies"":0},""dollars"":41,""isNegative"":false}"
122,262,Car,"{""timing"":0}","{""cents"":{""numberOfDimes"":0,""numberOfPennies"":0},""dollars"":8000,""isNegative"":false}"
123,277,Rent,"{""timing"":3,""dayOfTheMonth"":1}","{""cents"":{""numberOfDimes"":0,""numberOfPennies"":0},""dollars"":1000,""isNegative"":false}"
124,297,Gas,"{""timing"":3,""dayOfTheMonth"":1}","{""cents"":{""numberOfDimes"":0,""numberOfPennies"":0},""dollars"":40,""isNegative"":false}"
125,297,Electricity,"{""timing"":3,""dayOfTheMonth"":1}","{""cents"":{""numberOfDimes"":0,""numberOfPennies"":0},""dollars"":30,""isNegative"":false}"
126,297,House downpayment,"{""timing"":0}","{""cents"":{""numberOfDimes"":0,""numberOfPennies"":0},""dollars"":4000,""isNegative"":false}"
127,46,Car Note,"{""timing"":3,""dayOfTheMonth"":11}","{""cents"":{""numberOfDimes"":0,""numberOfPennies"":0},""dollars"":533,""isNegative"":false}"
128,314,Rent,"{""timing"":3,""dayOfTheMonth"":28}","{""cents"":{""numberOfDimes"":0,""numberOfPennies"":0},""dollars"":759,""isNegative"":false}"
129,303,Car,"{""timing"":3,""dayOfTheMonth"":15}","{""cents"":{""numberOfDimes"":0,""numberOfPennies"":0},""dollars"":420,""isNegative"":false}"
130,262,Phone,"{""timing"":3,""dayOfTheMonth"":28}","{""cents"":{""numberOfDimes"":0,""numberOfPennies"":0},""dollars"":105,""isNegative"":false}"
131,314,Apartment Insurance,"{""timing"":3,""dayOfTheMonth"":15}","{""cents"":{""numberOfDimes"":0,""numberOfPennies"":0},""dollars"":10,""isNegative"":false}"
132,303,Braces,"{""timing"":3,""dayOfTheMonth"":20}","{""cents"":{""numberOfDimes"":0,""numberOfPennies"":0},""dollars"":100,""isNegative"":false}"
133,303,Phone,"{""timing"":3,""dayOfTheMonth"":22}","{""cents"":{""numberOfDimes"":0,""numberOfPennies"":0},""dollars"":40,""isNegative"":false}"
134,314,Discover Card,"{""timing"":3,""dayOfTheMonth"":28}","{""cents"":{""numberOfDimes"":0,""numberOfPennies"":0},""dollars"":300,""isNegative"":false}"
135,314,Apple Card,"{""timing"":3,""dayOfTheMonth"":28}","{""cents"":{""numberOfDimes"":0,""numberOfPennies"":0},""dollars"":200,""isNegative"":false}"
136,303,Insurance,"{""timing"":3,""dayOfTheMonth"":1}","{""cents"":{""numberOfDimes"":0,""numberOfPennies"":0},""dollars"":17,""isNegative"":false}"
137,303,Anna Pepe,"{""timing"":3,""dayOfTheMonth"":26}","{""cents"":{""numberOfDimes"":0,""numberOfPennies"":0},""dollars"":22,""isNegative"":false}"
138,314,PP Gift,"{""timing"":3,""dayOfTheMonth"":10}","{""cents"":{""numberOfDimes"":0,""numberOfPennies"":0},""dollars"":10,""isNegative"":false}"
139,303,Crossfit,"{""timing"":3,""dayOfTheMonth"":18}","{""cents"":{""numberOfDimes"":0,""numberOfPennies"":0},""dollars"":82,""isNegative"":false}"
140,303,School payments,"{""timing"":3,""dayOfTheMonth"":19}","{""cents"":{""numberOfDimes"":0,""numberOfPennies"":0},""dollars"":520,""isNegative"":false}"
141,314,Sallie Mae Interest,"{""timing"":3,""dayOfTheMonth"":21}","{""cents"":{""numberOfDimes"":0,""numberOfPennies"":0},""dollars"":75,""isNegative"":false}"
142,321,Rent,"{""timing"":3,""dayOfTheMonth"":1}","{""cents"":{""numberOfDimes"":0,""numberOfPennies"":0},""dollars"":845,""isNegative"":false}"
143,314,ConEd,"{""timing"":3,""dayOfTheMonth"":10}","{""cents"":{""numberOfDimes"":0,""numberOfPennies"":0},""dollars"":50,""isNegative"":false}"
144,314,Wifi,"{""timing"":3,""dayOfTheMonth"":21}","{""cents"":{""numberOfDimes"":0,""numberOfPennies"":0},""dollars"":30,""isNegative"":false}"
145,322,Rent,"{""timing"":3,""dayOfTheMonth"":15}","{""cents"":{""numberOfDimes"":0,""numberOfPennies"":0},""dollars"":300,""isNegative"":false}"
146,303,Vegas,"{""timing"":0}","{""cents"":{""numberOfDimes"":0,""numberOfPennies"":0},""dollars"":700,""isNegative"":false}"
147,314,Future Apartment,"{""timing"":0}","{""cents"":{""numberOfDimes"":0,""numberOfPennies"":0},""dollars"":2600,""isNegative"":false}"
148,311,Car,"{""timing"":0}","{""cents"":{""numberOfDimes"":0,""numberOfPennies"":0},""dollars"":10000,""isNegative"":false}"
149,322,Insurance,"{""timing"":3,""dayOfTheMonth"":28}","{""cents"":{""numberOfDimes"":0,""numberOfPennies"":0},""dollars"":116,""isNegative"":false}"
150,326,New Car,"{""timing"":0}","{""cents"":{""numberOfDimes"":0,""numberOfPennies"":0},""dollars"":5000,""isNegative"":false}"
151,323,Phone and gym,"{""timing"":3,""dayOfTheMonth"":6}","{""cents"":{""numberOfDimes"":0,""numberOfPennies"":0},""dollars"":150,""isNegative"":false}"
152,322,Loan,"{""timing"":3,""dayOfTheMonth"":25}","{""cents"":{""numberOfDimes"":0,""numberOfPennies"":0},""dollars"":50,""isNegative"":false}"
153,323,Rent- Home Help,"{""timing"":3,""dayOfTheMonth"":15}","{""cents"":{""numberOfDimes"":0,""numberOfPennies"":0},""dollars"":150,""isNegative"":false}"
154,226,Rent,"{""timing"":3,""dayOfTheMonth"":1}","{""cents"":{""numberOfDimes"":0,""numberOfPennies"":0},""dollars"":450,""isNegative"":false}"
155,226,Car payment,"{""timing"":3,""dayOfTheMonth"":26}","{""cents"":{""numberOfDimes"":0,""numberOfPennies"":0},""dollars"":300,""isNegative"":false}"
156,226,Car insurance,"{""timing"":3,""dayOfTheMonth"":13}","{""cents"":{""numberOfDimes"":0,""numberOfPennies"":0},""dollars"":154,""isNegative"":false}"
157,334,CrossFit,"{""timing"":3,""dayOfTheMonth"":22}","{""cents"":{""numberOfDimes"":0,""numberOfPennies"":0},""dollars"":160,""isNegative"":false}"
158,226,New House,"{""timing"":0}","{""cents"":{""numberOfDimes"":0,""numberOfPennies"":0},""dollars"":2500,""isNegative"":false}"
159,311,YouTube TV,"{""timing"":3,""dayOfTheMonth"":28}","{""cents"":{""numberOfDimes"":0,""numberOfPennies"":0},""dollars"":86,""isNegative"":false}"
160,311,Rent,"{""timing"":3,""dayOfTheMonth"":1}","{""cents"":{""numberOfDimes"":0,""numberOfPennies"":0},""dollars"":1170,""isNegative"":false}"
161,330,Emergency fund,"{""timing"":0}","{""cents"":{""numberOfDimes"":0,""numberOfPennies"":0},""dollars"":1000,""isNegative"":false}"
162,334,Range Lessons,"{""timing"":0}","{""cents"":{""numberOfDimes"":0,""numberOfPennies"":0},""dollars"":300,""isNegative"":false}"
163,334,Crossfit,"{""timing"":3,""dayOfTheMonth"":22}","{""cents"":{""numberOfDimes"":0,""numberOfPennies"":0},""dollars"":160,""isNegative"":false}"
164,354,Car,"{""timing"":3,""dayOfTheMonth"":23}","{""cents"":{""numberOfDimes"":0,""numberOfPennies"":0},""dollars"":107,""isNegative"":false}"
165,354,Imsurance,"{""timing"":3,""dayOfTheMonth"":13}","{""cents"":{""numberOfDimes"":0,""numberOfPennies"":0},""dollars"":173,""isNegative"":false}"
166,356,Rent,"{""timing"":3,""dayOfTheMonth"":1}","{""cents"":{""numberOfDimes"":0,""numberOfPennies"":0},""dollars"":500,""isNegative"":false}"
167,350,Rent,"{""timing"":3,""dayOfTheMonth"":21}","{""cents"":{""numberOfDimes"":0,""numberOfPennies"":0},""dollars"":550,""isNegative"":false}"
168,350,Credit Card,"{""timing"":3,""dayOfTheMonth"":11}","{""cents"":{""numberOfDimes"":0,""numberOfPennies"":0},""dollars"":500,""isNegative"":false}"
169,350,Safenet,"{""timing"":0}","{""cents"":{""numberOfDimes"":0,""numberOfPennies"":0},""dollars"":3000,""isNegative"":false}"
170,118,Student Loans,"{""timing"":3,""dayOfTheMonth"":12}","{""cents"":{""numberOfDimes"":0,""numberOfPennies"":0},""dollars"":200,""isNegative"":false}"
171,367,Rent,"{""timing"":3,""dayOfTheMonth"":6}","{""cents"":{""numberOfDimes"":0,""numberOfPennies"":0},""dollars"":600,""isNegative"":false}"
172,372,Car Loan,"{""timing"":3,""dayOfTheMonth"":28}","{""cents"":{""numberOfDimes"":0,""numberOfPennies"":0},""dollars"":360,""isNegative"":false}"
173,372,Spotify,"{""timing"":3,""dayOfTheMonth"":12}","{""cents"":{""numberOfDimes"":0,""numberOfPennies"":0},""dollars"":11,""isNegative"":false}"
174,373,Rent,"{""timing"":3,""dayOfTheMonth"":1}","{""cents"":{""numberOfDimes"":0,""numberOfPennies"":0},""dollars"":1355,""isNegative"":false}"
175,372,Netflix,"{""timing"":3,""dayOfTheMonth"":17}","{""cents"":{""numberOfDimes"":0,""numberOfPennies"":0},""dollars"":19,""isNegative"":false}"
176,340,Rent,"{""timing"":3,""dayOfTheMonth"":1}","{""cents"":{""numberOfDimes"":0,""numberOfPennies"":0},""dollars"":730,""isNegative"":false}"
177,373,Insurance,"{""timing"":3,""dayOfTheMonth"":7}","{""cents"":{""numberOfDimes"":0,""numberOfPennies"":0},""dollars"":12,""isNegative"":false}"
178,372,Gas,"{""timing"":3,""dayOfTheMonth"":28}","{""cents"":{""numberOfDimes"":0,""numberOfPennies"":0},""dollars"":60,""isNegative"":false}"
179,371,Netflix,"{""timing"":3,""dayOfTheMonth"":18}","{""cents"":{""numberOfDimes"":0,""numberOfPennies"":0},""dollars"":20,""isNegative"":false}"
180,373,Electric,"{""timing"":3,""dayOfTheMonth"":22}","{""cents"":{""numberOfDimes"":0,""numberOfPennies"":0},""dollars"":60,""isNegative"":false}"
181,371,Rent,"{""timing"":3,""dayOfTheMonth"":28}","{""cents"":{""numberOfDimes"":0,""numberOfPennies"":0},""dollars"":1150,""isNegative"":false}"
182,373,Internet,"{""timing"":3,""dayOfTheMonth"":28}","{""cents"":{""numberOfDimes"":0,""numberOfPennies"":0},""dollars"":55,""isNegative"":false}"
183,371,Vegas,"{""timing"":0}","{""cents"":{""numberOfDimes"":0,""numberOfPennies"":0},""dollars"":5000,""isNegative"":false}"
184,373,Indigo Credit Card,"{""timing"":0}","{""cents"":{""numberOfDimes"":0,""numberOfPennies"":0},""dollars"":400,""isNegative"":false}"
185,377,Car,"{""timing"":0}","{""cents"":{""numberOfDimes"":0,""numberOfPennies"":0},""dollars"":3000,""isNegative"":false}"
186,387,House and Bills,"{""timing"":3,""dayOfTheMonth"":15}","{""cents"":{""numberOfDimes"":0,""numberOfPennies"":0},""dollars"":1000,""isNegative"":false}"
187,387,Subscriptions,"{""timing"":3,""dayOfTheMonth"":15}","{""cents"":{""numberOfDimes"":0,""numberOfPennies"":0},""dollars"":201,""isNegative"":false}"
188,387,ROTH IRA,"{""timing"":3,""dayOfTheMonth"":28}","{""cents"":{""numberOfDimes"":0,""numberOfPennies"":0},""dollars"":200,""isNegative"":false}"
189,387,FIDELITY,"{""timing"":3,""dayOfTheMonth"":28}","{""cents"":{""numberOfDimes"":0,""numberOfPennies"":0},""dollars"":50,""isNegative"":false}"
190,387,Emergency Savings,"{""timing"":0}","{""cents"":{""numberOfDimes"":0,""numberOfPennies"":0},""dollars"":23000,""isNegative"":false}"
191,40,Jeep,"{""timing"":0}","{""cents"":{""numberOfDimes"":0,""numberOfPennies"":0},""dollars"":3000,""isNegative"":false}"
192,384,Rent,"{""timing"":3,""dayOfTheMonth"":25}","{""cents"":{""numberOfDimes"":0,""numberOfPennies"":0},""dollars"":642,""isNegative"":false}"
193,227,Rent,"{""timing"":3,""dayOfTheMonth"":1}","{""cents"":{""numberOfDimes"":0,""numberOfPennies"":0},""dollars"":1313,""isNegative"":false}"
194,384,Electricity Bill,"{""timing"":3,""dayOfTheMonth"":12}","{""cents"":{""numberOfDimes"":0,""numberOfPennies"":0},""dollars"":25,""isNegative"":false}"
195,384,Wifi Bill,"{""timing"":3,""dayOfTheMonth"":15}","{""cents"":{""numberOfDimes"":0,""numberOfPennies"":0},""dollars"":10,""isNegative"":false}"
196,395,Savings,"{""timing"":0}","{""cents"":{""numberOfDimes"":0,""numberOfPennies"":0},""dollars"":2500,""isNegative"":false}"
197,394,Water Bill,"{""timing"":3,""dayOfTheMonth"":10}","{""cents"":{""numberOfDimes"":0,""numberOfPennies"":0},""dollars"":121,""isNegative"":false}"
198,227,Hulu,"{""timing"":3,""dayOfTheMonth"":9}","{""cents"":{""numberOfDimes"":0,""numberOfPennies"":0},""dollars"":15,""isNegative"":false}"
199,394,House Payment,"{""timing"":3,""dayOfTheMonth"":2}","{""cents"":{""numberOfDimes"":0,""numberOfPennies"":0},""dollars"":700,""isNegative"":false}"
200,394,House Payment 2,"{""timing"":3,""dayOfTheMonth"":16}","{""cents"":{""numberOfDimes"":0,""numberOfPennies"":0},""dollars"":700,""isNegative"":false}"
201,394,Car Payment,"{""timing"":3,""dayOfTheMonth"":15}","{""cents"":{""numberOfDimes"":0,""numberOfPennies"":0},""dollars"":500,""isNegative"":false}"
202,400,Z3,"{""timing"":0}","{""cents"":{""numberOfDimes"":0,""numberOfPennies"":0},""dollars"":5000,""isNegative"":false}"
203,400,Corolla Payment,"{""timing"":3,""dayOfTheMonth"":10}","{""cents"":{""numberOfDimes"":0,""numberOfPennies"":0},""dollars"":100,""isNegative"":false}"
204,403,Car payment,"{""timing"":3,""dayOfTheMonth"":16}","{""cents"":{""numberOfDimes"":0,""numberOfPennies"":0},""dollars"":500,""isNegative"":false}"
205,412,Rent,"{""timing"":3,""dayOfTheMonth"":1}","{""cents"":{""numberOfDimes"":0,""numberOfPennies"":0},""dollars"":400,""isNegative"":false}"
206,401,Test,"{""timing"":0}","{""cents"":{""numberOfDimes"":0,""numberOfPennies"":0},""dollars"":1000,""isNegative"":false}"
207,410,Mortgage,"{""timing"":3,""dayOfTheMonth"":1}","{""cents"":{""numberOfDimes"":0,""numberOfPennies"":0},""dollars"":2876,""isNegative"":false}"
208,135,Rent,"{""timing"":3,""dayOfTheMonth"":1}","{""cents"":{""numberOfDimes"":0,""numberOfPennies"":0},""dollars"":1536,""isNegative"":false}"
210,63,Car,"{""timing"":3,""dayOfTheMonth"":21}","{""cents"":{""numberOfDimes"":0,""numberOfPennies"":0},""dollars"":268,""isNegative"":false}"
211,250,Rent,"{""timing"":3,""dayOfTheMonth"":26}","{""cents"":{""numberOfDimes"":0,""numberOfPennies"":0},""dollars"":600,""isNegative"":false}"
212,429,Rent,"{""timing"":3,""dayOfTheMonth"":1}","{""cents"":{""numberOfDimes"":0,""numberOfPennies"":0},""dollars"":1326,""isNegative"":false}"
213,429,Car note,"{""timing"":3,""dayOfTheMonth"":17}","{""cents"":{""numberOfDimes"":0,""numberOfPennies"":0},""dollars"":573,""isNegative"":false}"
214,429,Internet,"{""timing"":3,""dayOfTheMonth"":14}","{""cents"":{""numberOfDimes"":0,""numberOfPennies"":0},""dollars"":70,""isNegative"":false}"
215,429,Insurance,"{""timing"":3,""dayOfTheMonth"":21}","{""cents"":{""numberOfDimes"":0,""numberOfPennies"":0},""dollars"":224,""isNegative"":false}"
216,429,T mobile,"{""timing"":3,""dayOfTheMonth"":13}","{""cents"":{""numberOfDimes"":0,""numberOfPennies"":0},""dollars"":220,""isNegative"":false}"
217,429,Electricity,"{""timing"":3,""dayOfTheMonth"":18}","{""cents"":{""numberOfDimes"":0,""numberOfPennies"":0},""dollars"":60,""isNegative"":false}"
218,356,Phone bill,"{""timing"":3,""dayOfTheMonth"":1}","{""cents"":{""numberOfDimes"":0,""numberOfPennies"":0},""dollars"":80,""isNegative"":false}"
219,432,Phone Bill,"{""timing"":3,""dayOfTheMonth"":28}","{""cents"":{""numberOfDimes"":0,""numberOfPennies"":0},""dollars"":89,""isNegative"":false}"
220,429,Openskyy,"{""timing"":3,""dayOfTheMonth"":14}","{""cents"":{""numberOfDimes"":0,""numberOfPennies"":0},""dollars"":25,""isNegative"":false}"
221,429,Indigo,"{""timing"":3,""dayOfTheMonth"":8}","{""cents"":{""numberOfDimes"":0,""numberOfPennies"":0},""dollars"":40,""isNegative"":false}"
222,429,Mission lane,"{""timing"":3,""dayOfTheMonth"":25}","{""cents"":{""numberOfDimes"":0,""numberOfPennies"":0},""dollars"":25,""isNegative"":false}"
223,429,Milestone,"{""timing"":3,""dayOfTheMonth"":16}","{""cents"":{""numberOfDimes"":0,""numberOfPennies"":0},""dollars"":40,""isNegative"":false}"
224,429,Ulta,"{""timing"":3,""dayOfTheMonth"":17}","{""cents"":{""numberOfDimes"":0,""numberOfPennies"":0},""dollars"":35,""isNegative"":false}"
225,429,Sephora,"{""timing"":3,""dayOfTheMonth"":8}","{""cents"":{""numberOfDimes"":0,""numberOfPennies"":0},""dollars"":35,""isNegative"":false}"
226,429,Discover,"{""timing"":3,""dayOfTheMonth"":18}","{""cents"":{""numberOfDimes"":0,""numberOfPennies"":0},""dollars"":100,""isNegative"":false}"
227,429,Kohls,"{""timing"":3,""dayOfTheMonth"":4}","{""cents"":{""numberOfDimes"":0,""numberOfPennies"":0},""dollars"":30,""isNegative"":false}"
228,429,Avant,"{""timing"":3,""dayOfTheMonth"":7}","{""cents"":{""numberOfDimes"":0,""numberOfPennies"":0},""dollars"":25,""isNegative"":false}"
229,429,Upstart,"{""timing"":3,""dayOfTheMonth"":8}","{""cents"":{""numberOfDimes"":0,""numberOfPennies"":0},""dollars"":156,""isNegative"":false}"
230,429,Prosper,"{""timing"":3,""dayOfTheMonth"":14}","{""cents"":{""numberOfDimes"":0,""numberOfPennies"":0},""dollars"":210,""isNegative"":false}"
231,429,Cancun,"{""timing"":3,""dayOfTheMonth"":23}","{""cents"":{""numberOfDimes"":0,""numberOfPennies"":0},""dollars"":117,""isNegative"":false}"
232,429,Life insurance,"{""timing"":3,""dayOfTheMonth"":22}","{""cents"":{""numberOfDimes"":0,""numberOfPennies"":0},""dollars"":25,""isNegative"":false}"
233,336,Emergency fund,"{""timing"":0}","{""cents"":{""numberOfDimes"":0,""numberOfPennies"":0},""dollars"":3000,""isNegative"":false}"
234,429,Starz,"{""timing"":3,""dayOfTheMonth"":27}","{""cents"":{""numberOfDimes"":0,""numberOfPennies"":0},""dollars"":10,""isNegative"":false}"
236,438,Upstart loan,"{""timing"":3,""dayOfTheMonth"":4}","{""cents"":{""numberOfDimes"":0,""numberOfPennies"":0},""dollars"":724,""isNegative"":false}"
237,439,Rent,"{""timing"":3,""dayOfTheMonth"":1}","{""cents"":{""numberOfDimes"":0,""numberOfPennies"":0},""dollars"":1617,""isNegative"":false}"
238,409,Cell,"{""timing"":3,""dayOfTheMonth"":27}","{""cents"":{""numberOfDimes"":0,""numberOfPennies"":0},""dollars"":112,""isNegative"":false}"
239,318,Christmas,"{""timing"":0}","{""cents"":{""numberOfDimes"":0,""numberOfPennies"":0},""dollars"":300,""isNegative"":false}"
240,446,Rent,"{""timing"":3,""dayOfTheMonth"":1}","{""cents"":{""numberOfDimes"":0,""numberOfPennies"":0},""dollars"":350,""isNegative"":false}"
241,446,Cricket Wireless,"{""timing"":3,""dayOfTheMonth"":22}","{""cents"":{""numberOfDimes"":0,""numberOfPennies"":0},""dollars"":55,""isNegative"":false}"
242,446,Savings,"{""timing"":3,""dayOfTheMonth"":1}","{""cents"":{""numberOfDimes"":0,""numberOfPennies"":0},""dollars"":25,""isNegative"":false}"
243,448,Saving,"{""timing"":0}","{""cents"":{""numberOfDimes"":0,""numberOfPennies"":0},""dollars"":5000,""isNegative"":false}"
244,448,Car note,"{""timing"":3,""dayOfTheMonth"":26}","{""cents"":{""numberOfDimes"":0,""numberOfPennies"":0},""dollars"":379,""isNegative"":false}"
245,450,Car note,"{""timing"":3,""dayOfTheMonth"":26}","{""cents"":{""numberOfDimes"":0,""numberOfPennies"":0},""dollars"":456,""isNegative"":false}"
246,450,Netflix,"{""timing"":3,""dayOfTheMonth"":6}","{""cents"":{""numberOfDimes"":0,""numberOfPennies"":0},""dollars"":20,""isNegative"":false}"
247,183,Emergency,"{""timing"":0}","{""cents"":{""numberOfDimes"":0,""numberOfPennies"":0},""dollars"":2000,""isNegative"":false}"
248,456,Rent,"{""timing"":3,""dayOfTheMonth"":1}","{""cents"":{""numberOfDimes"":0,""numberOfPennies"":0},""dollars"":677,""isNegative"":false}"
250,206,Rent,"{""timing"":3,""dayOfTheMonth"":6}","{""cents"":{""numberOfDimes"":0,""numberOfPennies"":0},""dollars"":1580,""isNegative"":false}"
251,462,Rent,"{""timing"":3,""dayOfTheMonth"":1}","{""cents"":{""numberOfDimes"":0,""numberOfPennies"":0},""dollars"":1395,""isNegative"":false}"
252,462,Youtube TV,"{""timing"":3,""dayOfTheMonth"":10}","{""cents"":{""numberOfDimes"":0,""numberOfPennies"":0},""dollars"":65,""isNegative"":false}"
253,466,Car,"{""timing"":3,""dayOfTheMonth"":1}","{""cents"":{""numberOfDimes"":0,""numberOfPennies"":0},""dollars"":250,""isNegative"":false}"
254,466,Insurance,"{""timing"":3,""dayOfTheMonth"":1}","{""cents"":{""numberOfDimes"":0,""numberOfPennies"":0},""dollars"":200,""isNegative"":false}"
255,466,Phone,"{""timing"":3,""dayOfTheMonth"":7}","{""cents"":{""numberOfDimes"":0,""numberOfPennies"":0},""dollars"":300,""isNegative"":false}"
256,157,Car insurance,"{""timing"":3,""dayOfTheMonth"":1}","{""cents"":{""numberOfDimes"":0,""numberOfPennies"":0},""dollars"":200,""isNegative"":false}"
257,157,Truck Loan,"{""timing"":3,""dayOfTheMonth"":1}","{""cents"":{""numberOfDimes"":0,""numberOfPennies"":0},""dollars"":150,""isNegative"":false}"
258,157,Student Loan,"{""timing"":3,""dayOfTheMonth"":1}","{""cents"":{""numberOfDimes"":0,""numberOfPennies"":0},""dollars"":75,""isNegative"":false}"
259,157,Phone,"{""timing"":3,""dayOfTheMonth"":15}","{""cents"":{""numberOfDimes"":0,""numberOfPennies"":0},""dollars"":85,""isNegative"":false}"
260,469,Starting saving,"{""timing"":0}","{""cents"":{""numberOfDimes"":0,""numberOfPennies"":0},""dollars"":5000,""isNegative"":false}"
261,33,Car insurance,"{""timing"":3,""dayOfTheMonth"":15}","{""cents"":{""numberOfDimes"":0,""numberOfPennies"":0},""dollars"":291,""isNegative"":false}"
262,340,Savings,"{""timing"":0}","{""cents"":{""numberOfDimes"":0,""numberOfPennies"":0},""dollars"":5000,""isNegative"":false}"
263,476,Rent,"{""timing"":3,""dayOfTheMonth"":7}","{""cents"":{""numberOfDimes"":0,""numberOfPennies"":0},""dollars"":550,""isNegative"":false}"
264,387,Facial,"{""timing"":3,""dayOfTheMonth"":28}","{""cents"":{""numberOfDimes"":0,""numberOfPennies"":0},""dollars"":300,""isNegative"":false}"
265,387,Subscriptions,"{""timing"":3,""dayOfTheMonth"":1}","{""cents"":{""numberOfDimes"":0,""numberOfPennies"":0},""dollars"":201,""isNegative"":false}"
266,477,Rent,"{""timing"":3,""dayOfTheMonth"":1}","{""cents"":{""numberOfDimes"":0,""numberOfPennies"":0},""dollars"":850,""isNegative"":false}"
267,477,Car payment,"{""timing"":3,""dayOfTheMonth"":7}","{""cents"":{""numberOfDimes"":0,""numberOfPennies"":0},""dollars"":303,""isNegative"":false}"
268,477,Car insurance,"{""timing"":3,""dayOfTheMonth"":25}","{""cents"":{""numberOfDimes"":0,""numberOfPennies"":0},""dollars"":400,""isNegative"":false}"
269,480,Upstart,"{""timing"":3,""dayOfTheMonth"":3}","{""cents"":{""numberOfDimes"":0,""numberOfPennies"":0},""dollars"":174,""isNegative"":false}"
270,446,Car payment,"{""timing"":3,""dayOfTheMonth"":9}","{""cents"":{""numberOfDimes"":0,""numberOfPennies"":0},""dollars"":310,""isNegative"":false}"
271,446,Allstate,"{""timing"":3,""dayOfTheMonth"":28}","{""cents"":{""numberOfDimes"":0,""numberOfPennies"":0},""dollars"":171,""isNegative"":false}"
272,483,Vacation,"{""timing"":0}","{""cents"":{""numberOfDimes"":0,""numberOfPennies"":0},""dollars"":1000,""isNegative"":false}"
273,227,Cox,"{""timing"":3,""dayOfTheMonth"":26}","{""cents"":{""numberOfDimes"":0,""numberOfPennies"":0},""dollars"":47,""isNegative"":false}"
274,227,Spotify,"{""timing"":3,""dayOfTheMonth"":23}","{""cents"":{""numberOfDimes"":0,""numberOfPennies"":0},""dollars"":11,""isNegative"":false}"
275,489,Rent,"{""timing"":3,""dayOfTheMonth"":1}","{""cents"":{""numberOfDimes"":0,""numberOfPennies"":0},""dollars"":1550,""isNegative"":false}"
276,489,Car payment,"{""timing"":3,""dayOfTheMonth"":4}","{""cents"":{""numberOfDimes"":0,""numberOfPennies"":0},""dollars"":300,""isNegative"":false}"
277,489,Discover,"{""timing"":3,""dayOfTheMonth"":12}","{""cents"":{""numberOfDimes"":0,""numberOfPennies"":0},""dollars"":122,""isNegative"":false}"
278,489,Citizens Credit Card,"{""timing"":3,""dayOfTheMonth"":12}","{""cents"":{""numberOfDimes"":0,""numberOfPennies"":0},""dollars"":75,""isNegative"":false}"
279,490,Carvana,"{""timing"":3,""dayOfTheMonth"":26}","{""cents"":{""numberOfDimes"":0,""numberOfPennies"":0},""dollars"":700,""isNegative"":false}"
280,489,Amex Card,"{""timing"":3,""dayOfTheMonth"":12}","{""cents"":{""numberOfDimes"":0,""numberOfPennies"":0},""dollars"":100,""isNegative"":false}"
281,489,T-Mobile Bill,"{""timing"":3,""dayOfTheMonth"":12}","{""cents"":{""numberOfDimes"":0,""numberOfPennies"":0},""dollars"":185,""isNegative"":false}"
282,489,National Grid,"{""timing"":3,""dayOfTheMonth"":17}","{""cents"":{""numberOfDimes"":0,""numberOfPennies"":0},""dollars"":240,""isNegative"":false}"
283,493,Rent,"{""timing"":3,""dayOfTheMonth"":1}","{""cents"":{""numberOfDimes"":0,""numberOfPennies"":0},""dollars"":1040,""isNegative"":false}"
284,213,Emergency Fund,"{""timing"":0}","{""cents"":{""numberOfDimes"":0,""numberOfPennies"":0},""dollars"":15000,""isNegative"":false}"
285,213,Car Insurance,"{""timing"":3,""dayOfTheMonth"":5}","{""cents"":{""numberOfDimes"":0,""numberOfPennies"":0},""dollars"":250,""isNegative"":false}"
286,381,Rent,"{""timing"":3,""dayOfTheMonth"":10}","{""cents"":{""numberOfDimes"":0,""numberOfPennies"":0},""dollars"":1672,""isNegative"":false}"
287,381,Rent A Center,"{""timing"":3,""dayOfTheMonth"":25}","{""cents"":{""numberOfDimes"":0,""numberOfPennies"":0},""dollars"":523,""isNegative"":false}"
288,438,Upstart,"{""timing"":3,""dayOfTheMonth"":4}","{""cents"":{""numberOfDimes"":0,""numberOfPennies"":0},""dollars"":724,""isNegative"":false}"
289,438,Testing,"{""timing"":3,""dayOfTheMonth"":2}","{""cents"":{""numberOfDimes"":0,""numberOfPennies"":0},""dollars"":25,""isNegative"":false}"
290,438,Savings test,"{""timing"":0}","{""cents"":{""numberOfDimes"":0,""numberOfPennies"":0},""dollars"":100,""isNegative"":false}"
291,381,PayPal Credut,"{""timing"":3,""dayOfTheMonth"":13}","{""cents"":{""numberOfDimes"":0,""numberOfPennies"":0},""dollars"":100,""isNegative"":false}"
292,381,Uplift,"{""timing"":3,""dayOfTheMonth"":1}","{""cents"":{""numberOfDimes"":0,""numberOfPennies"":0},""dollars"":157,""isNegative"":false}"
293,70,Christmas Cabin,"{""timing"":0}","{""cents"":{""numberOfDimes"":0,""numberOfPennies"":0},""dollars"":2000,""isNegative"":false}"
294,70,Bianca,"{""timing"":0}","{""cents"":{""numberOfDimes"":0,""numberOfPennies"":0},""dollars"":1000,""isNegative"":false}"
295,197,Student Loans,"{""timing"":3,""dayOfTheMonth"":1}","{""cents"":{""numberOfDimes"":0,""numberOfPennies"":0},""dollars"":300,""isNegative"":false}"
296,477,House,"{""timing"":0}","{""cents"":{""numberOfDimes"":0,""numberOfPennies"":0},""dollars"":20000,""isNegative"":false}"
297,513,Car,"{""timing"":0}","{""cents"":{""numberOfDimes"":0,""numberOfPennies"":0},""dollars"":2000,""isNegative"":false}"
298,521,Phone,"{""timing"":3,""dayOfTheMonth"":4}","{""cents"":{""numberOfDimes"":0,""numberOfPennies"":0},""dollars"":42,""isNegative"":false}"
299,521,Car,"{""timing"":0}","{""cents"":{""numberOfDimes"":0,""numberOfPennies"":0},""dollars"":2500,""isNegative"":false}"
300,528,Rent,"{""timing"":3,""dayOfTheMonth"":1}","{""cents"":{""numberOfDimes"":0,""numberOfPennies"":0},""dollars"":1200,""isNegative"":false}"
301,530,Car Payment,"{""timing"":3,""dayOfTheMonth"":13}","{""cents"":{""numberOfDimes"":0,""numberOfPennies"":0},""dollars"":272,""isNegative"":false}"
302,530,Car Insurance,"{""timing"":3,""dayOfTheMonth"":1}","{""cents"":{""numberOfDimes"":0,""numberOfPennies"":0},""dollars"":125,""isNegative"":false}"
303,521,Allowance,"{""timing"":3,""dayOfTheMonth"":1}","{""cents"":{""numberOfDimes"":0,""numberOfPennies"":0},""dollars"":25,""isNegative"":false}"
304,530,Gym,"{""timing"":3,""dayOfTheMonth"":2}","{""cents"":{""numberOfDimes"":0,""numberOfPennies"":0},""dollars"":125,""isNegative"":false}"
305,528,Verizon,"{""timing"":3,""dayOfTheMonth"":2}","{""cents"":{""numberOfDimes"":0,""numberOfPennies"":0},""dollars"":95,""isNegative"":false}"
306,530,Phone,"{""timing"":3,""dayOfTheMonth"":3}","{""cents"":{""numberOfDimes"":0,""numberOfPennies"":0},""dollars"":47,""isNegative"":false}"
307,528,Hulu,"{""timing"":3,""dayOfTheMonth"":1}","{""cents"":{""numberOfDimes"":0,""numberOfPennies"":0},""dollars"":75,""isNegative"":false}"
308,528,Spotify,"{""timing"":3,""dayOfTheMonth"":10}","{""cents"":{""numberOfDimes"":0,""numberOfPennies"":0},""dollars"":11,""isNegative"":false}"
309,528,Game Pass,"{""timing"":3,""dayOfTheMonth"":10}","{""cents"":{""numberOfDimes"":0,""numberOfPennies"":0},""dollars"":17,""isNegative"":false}"
310,521,Emergency,"{""timing"":0}","{""cents"":{""numberOfDimes"":0,""numberOfPennies"":0},""dollars"":3500,""isNegative"":false}"
311,528,Audi,"{""timing"":3,""dayOfTheMonth"":3}","{""cents"":{""numberOfDimes"":0,""numberOfPennies"":0},""dollars"":525,""isNegative"":false}"
312,528,Netflix,"{""timing"":3,""dayOfTheMonth"":11}","{""cents"":{""numberOfDimes"":0,""numberOfPennies"":0},""dollars"":16,""isNegative"":false}"
313,528,Moving Expenses,"{""timing"":0}","{""cents"":{""numberOfDimes"":0,""numberOfPennies"":0},""dollars"":1000,""isNegative"":false}"
314,74,Utilities,"{""timing"":3,""dayOfTheMonth"":1}","{""cents"":{""numberOfDimes"":0,""numberOfPennies"":0},""dollars"":60,""isNegative"":false}"
315,74,Phone,"{""timing"":3,""dayOfTheMonth"":12}","{""cents"":{""numberOfDimes"":0,""numberOfPennies"":0},""dollars"":43,""isNegative"":false}"
316,387,Skincare,"{""timing"":3,""dayOfTheMonth"":28}","{""cents"":{""numberOfDimes"":0,""numberOfPennies"":0},""dollars"":200,""isNegative"":false}"
317,482,Car Payment,"{""timing"":3,""dayOfTheMonth"":18}","{""cents"":{""numberOfDimes"":0,""numberOfPennies"":0},""dollars"":270,""isNegative"":false}"
318,480,$5 Savings Quest,"{""timing"":0}","{""cents"":{""numberOfDimes"":0,""numberOfPennies"":0},""dollars"":1000,""isNegative"":false}"
319,521,Greece,"{""timing"":0}","{""cents"":{""numberOfDimes"":0,""numberOfPennies"":0},""dollars"":16425,""isNegative"":false}"
320,267,Car payment,"{""timing"":3,""dayOfTheMonth"":8}","{""cents"":{""numberOfDimes"":0,""numberOfPennies"":0},""dollars"":313,""isNegative"":false}"
321,482,Car,"{""timing"":3,""dayOfTheMonth"":18}","{""cents"":{""numberOfDimes"":0,""numberOfPennies"":0},""dollars"":269,""isNegative"":false}"
322,246,Pony Fund,"{""timing"":0}","{""cents"":{""numberOfDimes"":0,""numberOfPennies"":0},""dollars"":3000,""isNegative"":false}"
323,246,Subscriptions,"{""timing"":3,""dayOfTheMonth"":1}","{""cents"":{""numberOfDimes"":0,""numberOfPennies"":0},""dollars"":15,""isNegative"":false}"
324,246,Gas,"{""timing"":3,""dayOfTheMonth"":21}","{""cents"":{""numberOfDimes"":0,""numberOfPennies"":0},""dollars"":40,""isNegative"":false}"
325,278,Gen savings,"{""timing"":0}","{""cents"":{""numberOfDimes"":0,""numberOfPennies"":0},""dollars"":3000,""isNegative"":false}"
326,197,Savings,"{""timing"":3,""dayOfTheMonth"":1}","{""cents"":{""numberOfDimes"":0,""numberOfPennies"":0},""dollars"":100,""isNegative"":false}"
327,387,Nails,"{""timing"":3,""dayOfTheMonth"":28}","{""cents"":{""numberOfDimes"":0,""numberOfPennies"":0},""dollars"":150,""isNegative"":false}"
328,60,Rent,"{""timing"":3,""dayOfTheMonth"":1}","{""cents"":{""numberOfDimes"":0,""numberOfPennies"":0},""dollars"":575,""isNegative"":false}"
329,32,Health insurance,"{""timing"":3,""dayOfTheMonth"":15}","{""cents"":{""numberOfDimes"":0,""numberOfPennies"":0},""dollars"":54,""isNegative"":false}"
330,340,Loan,"{""timing"":3,""dayOfTheMonth"":4}","{""cents"":{""numberOfDimes"":0,""numberOfPennies"":0},""dollars"":226,""isNegative"":false}"
331,340,RAC,"{""timing"":3,""dayOfTheMonth"":1}","{""cents"":{""numberOfDimes"":0,""numberOfPennies"":0},""dollars"":288,""isNegative"":false}"
332,340,RAC,"{""timing"":3,""dayOfTheMonth"":1}","{""cents"":{""numberOfDimes"":0,""numberOfPennies"":0},""dollars"":312,""isNegative"":false}"
333,340,Loan,"{""timing"":3,""dayOfTheMonth"":4}","{""cents"":{""numberOfDimes"":0,""numberOfPennies"":0},""dollars"":226,""isNegative"":false}"
334,340,KT Car,"{""timing"":3,""dayOfTheMonth"":13}","{""cents"":{""numberOfDimes"":0,""numberOfPennies"":0},""dollars"":417,""isNegative"":false}"
335,340,Ty Car,"{""timing"":3,""dayOfTheMonth"":17}","{""cents"":{""numberOfDimes"":0,""numberOfPennies"":0},""dollars"":489,""isNegative"":false}"
336,50,Car Note,"{""timing"":3,""dayOfTheMonth"":16}","{""cents"":{""numberOfDimes"":0,""numberOfPennies"":0},""dollars"":523,""isNegative"":false}"
337,50,Rent,"{""timing"":3,""dayOfTheMonth"":4}","{""cents"":{""numberOfDimes"":0,""numberOfPennies"":0},""dollars"":300,""isNegative"":false}"
338,417,ipad,"{""timing"":0}","{""cents"":{""numberOfDimes"":0,""numberOfPennies"":0},""dollars"":2000,""isNegative"":false}"
339,221,Itunes,"{""timing"":3,""dayOfTheMonth"":1}","{""cents"":{""numberOfDimes"":0,""numberOfPennies"":0},""dollars"":15,""isNegative"":false}"
340,221,Playstation,"{""timing"":3,""dayOfTheMonth"":26}","{""cents"":{""numberOfDimes"":0,""numberOfPennies"":0},""dollars"":10,""isNegative"":false}"
341,221,Life insurance,"{""timing"":3,""dayOfTheMonth"":14}","{""cents"":{""numberOfDimes"":0,""numberOfPennies"":0},""dollars"":28,""isNegative"":false}"
342,221,Dental,"{""timing"":3,""dayOfTheMonth"":15}","{""cents"":{""numberOfDimes"":0,""numberOfPennies"":0},""dollars"":42,""isNegative"":false}"
343,221,Car Insurance,"{""timing"":3,""dayOfTheMonth"":24}","{""cents"":{""numberOfDimes"":0,""numberOfPennies"":0},""dollars"":80,""isNegative"":false}"
344,221,Tent,"{""timing"":3,""dayOfTheMonth"":1}","{""cents"":{""numberOfDimes"":0,""numberOfPennies"":0},""dollars"":200,""isNegative"":false}"
345,221,Rent,"{""timing"":3,""dayOfTheMonth"":1}","{""cents"":{""numberOfDimes"":0,""numberOfPennies"":0},""dollars"":200,""isNegative"":false}"
346,387,ROTH IRA,"{""timing"":3,""dayOfTheMonth"":28}","{""cents"":{""numberOfDimes"":0,""numberOfPennies"":0},""dollars"":200,""isNegative"":false}"
347,7,Test,"{""timing"":3,""dayOfTheMonth"":14}","{""cents"":{""numberOfDimes"":0,""numberOfPennies"":0},""dollars"":505,""isNegative"":false}"
348,7,Rent,"{""timing"":3,""dayOfTheMonth"":1}","{""cents"":{""numberOfDimes"":0,""numberOfPennies"":0},""dollars"":100,""isNegative"":false}"
349,7,Car,"{""timing"":0}","{""cents"":{""numberOfDimes"":0,""numberOfPennies"":0},""dollars"":100,""isNegative"":false}"
350,7,Elec,"{""timing"":3,""dayOfTheMonth"":10}","{""cents"":{""numberOfDimes"":0,""numberOfPennies"":0},""dollars"":10,""isNegative"":false}"
351,7,Heli,"{""timing"":0}","{""cents"":{""numberOfDimes"":0,""numberOfPennies"":0},""dollars"":50,""isNegative"":false}"
352,7,Car ins,"{""timing"":3,""dayOfTheMonth"":5}","{""cents"":{""numberOfDimes"":0,""numberOfPennies"":0},""dollars"":10,""isNegative"":false}"
353,373,Projector TV,"{""timing"":0}","{""cents"":{""numberOfDimes"":0,""numberOfPennies"":0},""dollars"":3000,""isNegative"":false}"
354,60,✨California✨,"{""timing"":0}","{""cents"":{""numberOfDimes"":0,""numberOfPennies"":0},""dollars"":1500,""isNegative"":false}"
355,221,Dental Insurance,"{""timing"":3,""dayOfTheMonth"":15}","{""cents"":{""numberOfDimes"":0,""numberOfPennies"":0},""dollars"":42,""isNegative"":false}"
356,66,Car Insurance,"{""timing"":3,""dayOfTheMonth"":8}","{""cents"":{""numberOfDimes"":0,""numberOfPennies"":0},""dollars"":103,""isNegative"":false}"
357,66,Electric,"{""timing"":3,""dayOfTheMonth"":8}","{""cents"":{""numberOfDimes"":0,""numberOfPennies"":0},""dollars"":28,""isNegative"":false}"
358,66,Phone,"{""timing"":0}","{""cents"":{""numberOfDimes"":0,""numberOfPennies"":0},""dollars"":240,""isNegative"":false}"
359,66,Car tags,"{""timing"":0}","{""cents"":{""numberOfDimes"":0,""numberOfPennies"":0},""dollars"":60,""isNegative"":false}"
360,66,CCA,"{""timing"":0}","{""cents"":{""numberOfDimes"":0,""numberOfPennies"":0},""dollars"":450,""isNegative"":false}"
361,66,Vet,"{""timing"":0}","{""cents"":{""numberOfDimes"":0,""numberOfPennies"":0},""dollars"":200,""isNegative"":false}"
362,66,Phone-Mint,"{""timing"":0}","{""cents"":{""numberOfDimes"":0,""numberOfPennies"":0},""dollars"":240,""isNegative"":false}"
363,66,Health Insurance,"{""timing"":3,""dayOfTheMonth"":28}","{""cents"":{""numberOfDimes"":0,""numberOfPennies"":0},""dollars"":63,""isNegative"":false}"
364,415,rent,"{""timing"":3,""dayOfTheMonth"":1}","{""cents"":{""numberOfDimes"":0,""numberOfPennies"":0},""dollars"":930,""isNegative"":false}"
365,415,car payment,"{""timing"":3,""dayOfTheMonth"":28}","{""cents"":{""numberOfDimes"":0,""numberOfPennies"":0},""dollars"":475,""isNegative"":false}"
366,415,dental,"{""timing"":3,""dayOfTheMonth"":15}","{""cents"":{""numberOfDimes"":0,""numberOfPennies"":0},""dollars"":150,""isNegative"":false}"
367,415,car insurance,"{""timing"":3,""dayOfTheMonth"":22}","{""cents"":{""numberOfDimes"":0,""numberOfPennies"":0},""dollars"":230,""isNegative"":false}"
368,415,phone bill,"{""timing"":3,""dayOfTheMonth"":7}","{""cents"":{""numberOfDimes"":0,""numberOfPennies"":0},""dollars"":140,""isNegative"":false}"
369,415,ipad,"{""timing"":3,""dayOfTheMonth"":28}","{""cents"":{""numberOfDimes"":0,""numberOfPennies"":0},""dollars"":70,""isNegative"":false}"
370,224,Laptop,"{""timing"":0}","{""cents"":{""numberOfDimes"":0,""numberOfPennies"":0},""dollars"":1000,""isNegative"":false}"
371,200,Rent,"{""timing"":3,""dayOfTheMonth"":2}","{""cents"":{""numberOfDimes"":0,""numberOfPennies"":0},""dollars"":400,""isNegative"":false}"
372,301,Spotify,"{""timing"":3,""dayOfTheMonth"":1}","{""cents"":{""numberOfDimes"":0,""numberOfPennies"":0},""dollars"":11,""isNegative"":false}"
373,367,Car,"{""timing"":3,""dayOfTheMonth"":20}","{""cents"":{""numberOfDimes"":0,""numberOfPennies"":0},""dollars"":464,""isNegative"":false}"
374,367,Insurance,"{""timing"":3,""dayOfTheMonth"":27}","{""cents"":{""numberOfDimes"":0,""numberOfPennies"":0},""dollars"":177,""isNegative"":false}"
375,367,Lights,"{""timing"":3,""dayOfTheMonth"":28}","{""cents"":{""numberOfDimes"":0,""numberOfPennies"":0},""dollars"":180,""isNegative"":false}"
376,367,Drz,"{""timing"":3,""dayOfTheMonth"":13}","{""cents"":{""numberOfDimes"":0,""numberOfPennies"":0},""dollars"":100,""isNegative"":false}"
377,367,Phone,"{""timing"":3,""dayOfTheMonth"":18}","{""cents"":{""numberOfDimes"":0,""numberOfPennies"":0},""dollars"":50,""isNegative"":false}"
378,367,Wifi,"{""timing"":3,""dayOfTheMonth"":7}","{""cents"":{""numberOfDimes"":0,""numberOfPennies"":0},""dollars"":70,""isNegative"":false}"
379,367,Loan,"{""timing"":3,""dayOfTheMonth"":13}","{""cents"":{""numberOfDimes"":0,""numberOfPennies"":0},""dollars"":150,""isNegative"":false}"
380,480,Apple,"{""timing"":3,""dayOfTheMonth"":28}","{""cents"":{""numberOfDimes"":0,""numberOfPennies"":0},""dollars"":100,""isNegative"":false}"
381,115,Rent,"{""timing"":3,""dayOfTheMonth"":1}","{""cents"":{""numberOfDimes"":0,""numberOfPennies"":0},""dollars"":890,""isNegative"":false}"
382,193,Loan Payment for Gra,"{""timing"":0}","{""cents"":{""numberOfDimes"":0,""numberOfPennies"":0},""dollars"":3000,""isNegative"":false}"
384,173,Student loans,"{""timing"":3,""dayOfTheMonth"":15}","{""cents"":{""numberOfDimes"":0,""numberOfPennies"":0},""dollars"":200,""isNegative"":false}"
385,173,Hawaii 2022,"{""timing"":0}","{""cents"":{""numberOfDimes"":0,""numberOfPennies"":0},""dollars"":3500,""isNegative"":false}"
386,193,Stoarage Unit,"{""timing"":3,""dayOfTheMonth"":3}","{""cents"":{""numberOfDimes"":0,""numberOfPennies"":0},""dollars"":88,""isNegative"":false}"
387,7,Tesla,"{""timing"":0}","{""cents"":{""numberOfDimes"":0,""numberOfPennies"":0},""dollars"":1000,""isNegative"":false}"
388,7,Rent,"{""timing"":3,""dayOfTheMonth"":1}","{""cents"":{""numberOfDimes"":0,""numberOfPennies"":0},""dollars"":1000,""isNegative"":false}"
389,7,Emergency Fund,"{""timing"":0}","{""cents"":{""numberOfDimes"":0,""numberOfPennies"":0},""dollars"":3000,""isNegative"":false}"
390,7,Emergency Fund,"{""timing"":0}","{""cents"":{""numberOfDimes"":0,""numberOfPennies"":0},""dollars"":3000,""isNegative"":false}"
391,7,Rent,"{""timing"":3,""dayOfTheMonth"":1}","{""cents"":{""numberOfDimes"":0,""numberOfPennies"":0},""dollars"":1000,""isNegative"":false}"
392,7,Electric,"{""timing"":3,""dayOfTheMonth"":15}","{""cents"":{""numberOfDimes"":0,""numberOfPennies"":0},""dollars"":80,""isNegative"":false}"
393,7,Netflix,"{""timing"":3,""dayOfTheMonth"":25}","{""cents"":{""numberOfDimes"":0,""numberOfPennies"":0},""dollars"":10,""isNegative"":false}"
394,7,Internet,"{""timing"":3,""dayOfTheMonth"":5}","{""cents"":{""numberOfDimes"":0,""numberOfPennies"":0},""dollars"":80,""isNegative"":false}"
395,7,Car Loan,"{""timing"":3,""dayOfTheMonth"":10}","{""cents"":{""numberOfDimes"":0,""numberOfPennies"":0},""dollars"":150,""isNegative"":false}"
396,7,Hawaii,"{""timing"":0}","{""cents"":{""numberOfDimes"":0,""numberOfPennies"":0},""dollars"":700,""isNegative"":false}"
397,218,Rent,"{""timing"":3,""dayOfTheMonth"":1}","{""cents"":{""numberOfDimes"":0,""numberOfPennies"":0},""dollars"":850,""isNegative"":false}"
398,218,Rent,"{""timing"":3,""dayOfTheMonth"":1}","{""cents"":{""numberOfDimes"":0,""numberOfPennies"":0},""dollars"":850,""isNegative"":false}"
399,218,Emergency,"{""timing"":0}","{""cents"":{""numberOfDimes"":0,""numberOfPennies"":0},""dollars"":2000,""isNegative"":false}"
400,218,Car,"{""timing"":3,""dayOfTheMonth"":15}","{""cents"":{""numberOfDimes"":0,""numberOfPennies"":0},""dollars"":410,""isNegative"":false}"
401,218,PCT Hike,"{""timing"":0}","{""cents"":{""numberOfDimes"":0,""numberOfPennies"":0},""dollars"":5000,""isNegative"":false}"
402,221,Verizon,"{""timing"":3,""dayOfTheMonth"":4}","{""cents"":{""numberOfDimes"":0,""numberOfPennies"":0},""dollars"":250,""isNegative"":false}"
403,75,Rent,"{""timing"":3,""dayOfTheMonth"":18}","{""cents"":{""numberOfDimes"":0,""numberOfPennies"":0},""dollars"":400,""isNegative"":false}"
404,75,Car Insurance,"{""timing"":3,""dayOfTheMonth"":28}","{""cents"":{""numberOfDimes"":0,""numberOfPennies"":0},""dollars"":180,""isNegative"":false}"
405,415,rent,"{""timing"":3,""dayOfTheMonth"":1}","{""cents"":{""numberOfDimes"":0,""numberOfPennies"":0},""dollars"":920,""isNegative"":false}"
406,415,car payment,"{""timing"":3,""dayOfTheMonth"":28}","{""cents"":{""numberOfDimes"":0,""numberOfPennies"":0},""dollars"":475,""isNegative"":false}"
407,415,car insurance,"{""timing"":3,""dayOfTheMonth"":22}","{""cents"":{""numberOfDimes"":0,""numberOfPennies"":0},""dollars"":230,""isNegative"":false}"
408,415,dental,"{""timing"":3,""dayOfTheMonth"":15}","{""cents"":{""numberOfDimes"":0,""numberOfPennies"":0},""dollars"":150,""isNegative"":false}"
409,415,phone bill,"{""timing"":3,""dayOfTheMonth"":7}","{""cents"":{""numberOfDimes"":0,""numberOfPennies"":0},""dollars"":140,""isNegative"":false}"
410,415,ipad,"{""timing"":3,""dayOfTheMonth"":28}","{""cents"":{""numberOfDimes"":0,""numberOfPennies"":0},""dollars"":70,""isNegative"":false}"
411,415,paramount,"{""timing"":3,""dayOfTheMonth"":28}","{""cents"":{""numberOfDimes"":0,""numberOfPennies"":0},""dollars"":11,""isNegative"":false}"
412,158,Credit Card,"{""timing"":3,""dayOfTheMonth"":13}","{""cents"":{""numberOfDimes"":0,""numberOfPennies"":0},""dollars"":300,""isNegative"":false}"
413,33,Car note,"{""timing"":3,""dayOfTheMonth"":2}","{""cents"":{""numberOfDimes"":0,""numberOfPennies"":0},""dollars"":392,""isNegative"":false}"
414,33,Insurance,"{""timing"":3,""dayOfTheMonth"":15}","{""cents"":{""numberOfDimes"":0,""numberOfPennies"":0},""dollars"":286,""isNegative"":false}"
415,33,Save $100,"{""timing"":0}","{""cents"":{""numberOfDimes"":0,""numberOfPennies"":0},""dollars"":10000,""isNegative"":false}"
416,33,Apple Card,"{""timing"":3,""dayOfTheMonth"":28}","{""cents"":{""numberOfDimes"":0,""numberOfPennies"":0},""dollars"":250,""isNegative"":false}"
417,33,Verizon,"{""timing"":3,""dayOfTheMonth"":7}","{""cents"":{""numberOfDimes"":0,""numberOfPennies"":0},""dollars"":132,""isNegative"":false}"
418,118,Quest 2,"{""timing"":0}","{""cents"":{""numberOfDimes"":0,""numberOfPennies"":0},""dollars"":318,""isNegative"":false}"
419,7,Rent,"{""timing"":3,""dayOfTheMonth"":1}","{""cents"":{""numberOfDimes"":0,""numberOfPennies"":0},""dollars"":2000,""isNegative"":false}"
420,7,Student Loans,"{""timing"":3,""dayOfTheMonth"":5}","{""cents"":{""numberOfDimes"":0,""numberOfPennies"":0},""dollars"":250,""isNegative"":false}"
421,7,Electric,"{""timing"":3,""dayOfTheMonth"":10}","{""cents"":{""numberOfDimes"":0,""numberOfPennies"":0},""dollars"":80,""isNegative"":false}"
422,7,Tesla,"{""timing"":0}","{""cents"":{""numberOfDimes"":0,""numberOfPennies"":0},""dollars"":20000,""isNegative"":false}"
423,219,Vacation,"{""timing"":0}","{""cents"":{""numberOfDimes"":0,""numberOfPennies"":0},""dollars"":3000,""isNegative"":false}"
424,158,Christmas,"{""timing"":0}","{""cents"":{""numberOfDimes"":0,""numberOfPennies"":0},""dollars"":1000,""isNegative"":false}"
425,311,ATT,"{""timing"":3,""dayOfTheMonth"":1}","{""cents"":{""numberOfDimes"":0,""numberOfPennies"":0},""dollars"":120,""isNegative"":false}"
426,7,Rent,"{""timing"":3,""dayOfTheMonth"":1}","{""cents"":{""numberOfDimes"":0,""numberOfPennies"":0},""dollars"":2000,""isNegative"":false}"
427,7,Student Loans,"{""timing"":3,""dayOfTheMonth"":5}","{""cents"":{""numberOfDimes"":0,""numberOfPennies"":0},""dollars"":350,""isNegative"":false}"
428,7,Electric,"{""timing"":3,""dayOfTheMonth"":15}","{""cents"":{""numberOfDimes"":0,""numberOfPennies"":0},""dollars"":80,""isNegative"":false}"
429,7,Phone Bill,"{""timing"":3,""dayOfTheMonth"":15}","{""cents"":{""numberOfDimes"":0,""numberOfPennies"":0},""dollars"":120,""isNegative"":false}"
430,7,Netflix,"{""timing"":3,""dayOfTheMonth"":16}","{""cents"":{""numberOfDimes"":0,""numberOfPennies"":0},""dollars"":12,""isNegative"":false}"
431,7,Tesla,"{""timing"":0}","{""cents"":{""numberOfDimes"":0,""numberOfPennies"":0},""dollars"":20000,""isNegative"":false}"
432,193,Bumble,"{""timing"":3,""dayOfTheMonth"":9}","{""cents"":{""numberOfDimes"":0,""numberOfPennies"":0},""dollars"":33,""isNegative"":false}"
433,193,Duolingo,"{""timing"":0}","{""cents"":{""numberOfDimes"":0,""numberOfPennies"":0},""dollars"":80,""isNegative"":false}"
434,7,Rent,"{""timing"":3,""dayOfTheMonth"":1}","{""cents"":{""numberOfDimes"":0,""numberOfPennies"":0},""dollars"":1000,""isNegative"":false}"
435,7,Rent,"{""timing"":3,""dayOfTheMonth"":1}","{""cents"":{""numberOfDimes"":0,""numberOfPennies"":0},""dollars"":500,""isNegative"":false}"
436,7,Rent,"{""timing"":3,""dayOfTheMonth"":1}","{""cents"":{""numberOfDimes"":0,""numberOfPennies"":0},""dollars"":500,""isNegative"":false}"
437,7,T,"{""timing"":0}","{""cents"":{""numberOfDimes"":0,""numberOfPennies"":0},""dollars"":500,""isNegative"":false}"
438,7,Rent,"{""timing"":3,""dayOfTheMonth"":1}","{""cents"":{""numberOfDimes"":0,""numberOfPennies"":0},""dollars"":500,""isNegative"":false}"
439,7,R,"{""timing"":3,""dayOfTheMonth"":1}","{""cents"":{""numberOfDimes"":0,""numberOfPennies"":0},""dollars"":500,""isNegative"":false}"
440,7,Emergency Fund,"{""timing"":0}","{""cents"":{""numberOfDimes"":0,""numberOfPennies"":0},""dollars"":6000,""isNegative"":false}"
441,7,Rent,"{""timing"":3,""dayOfTheMonth"":1}","{""cents"":{""numberOfDimes"":0,""numberOfPennies"":0},""dollars"":1800,""isNegative"":false}"
442,7,Electric,"{""timing"":3,""dayOfTheMonth"":5}","{""cents"":{""numberOfDimes"":0,""numberOfPennies"":0},""dollars"":80,""isNegative"":false}"
443,7,Student Loans,"{""timing"":3,""dayOfTheMonth"":10}","{""cents"":{""numberOfDimes"":0,""numberOfPennies"":0},""dollars"":450,""isNegative"":false}"
444,377,Christmas,"{""timing"":0}","{""cents"":{""numberOfDimes"":0,""numberOfPennies"":0},""dollars"":750,""isNegative"":false}"
445,7,🏡 Rent,"{""timing"":3,""dayOfTheMonth"":1}","{""cents"":{""numberOfDimes"":0,""numberOfPennies"":0},""dollars"":1800,""isNegative"":false}"
446,7,📚 Student Loans,"{""timing"":3,""dayOfTheMonth"":15}","{""cents"":{""numberOfDimes"":0,""numberOfPennies"":0},""dollars"":450,""isNegative"":false}"
447,7,🚗 Car Payment,"{""timing"":3,""dayOfTheMonth"":7}","{""cents"":{""numberOfDimes"":0,""numberOfPennies"":0},""dollars"":300,""isNegative"":false}"
448,249,New Car,"{""timing"":0}","{""cents"":{""numberOfDimes"":0,""numberOfPennies"":0},""dollars"":15000,""isNegative"":false}"
449,387,SoCal Gas,"{""timing"":3,""dayOfTheMonth"":10}","{""cents"":{""numberOfDimes"":0,""numberOfPennies"":0},""dollars"":60,""isNegative"":false}"
450,387,Auto Insurance,"{""timing"":3,""dayOfTheMonth"":19}","{""cents"":{""numberOfDimes"":0,""numberOfPennies"":0},""dollars"":138,""isNegative"":false}"
451,387,Honda,"{""timing"":3,""dayOfTheMonth"":20}","{""cents"":{""numberOfDimes"":0,""numberOfPennies"":0},""dollars"":500,""isNegative"":false}"
452,387,AAA Life,"{""timing"":3,""dayOfTheMonth"":9}","{""cents"":{""numberOfDimes"":0,""numberOfPennies"":0},""dollars"":29,""isNegative"":false}"
453,7,Rent,"{""timing"":3,""dayOfTheMonth"":1}","{""cents"":{""numberOfDimes"":0,""numberOfPennies"":0},""dollars"":1800,""isNegative"":false}"
454,7,Student Loans,"{""timing"":3,""dayOfTheMonth"":5}","{""cents"":{""numberOfDimes"":0,""numberOfPennies"":0},""dollars"":250,""isNegative"":false}"
455,7,Electric,"{""timing"":3,""dayOfTheMonth"":10}","{""cents"":{""numberOfDimes"":0,""numberOfPennies"":0},""dollars"":80,""isNegative"":false}"
456,7,Car Payment,"{""timing"":3,""dayOfTheMonth"":5}","{""cents"":{""numberOfDimes"":0,""numberOfPennies"":0},""dollars"":300,""isNegative"":false}"
458,193,Phone,"{""timing"":3,""dayOfTheMonth"":24}","{""cents"":{""numberOfDimes"":0,""numberOfPennies"":0},""dollars"":60,""isNegative"":false}"
491,193,Tinder,"{""timing"":0}","{""cents"":{""numberOfDimes"":0,""numberOfPennies"":0},""dollars"":83,""isNegative"":false}"
493,409,Car tires,"{""timing"":0}","{""cents"":{""numberOfDimes"":0,""numberOfPennies"":0},""dollars"":600,""isNegative"":false}"
494,409,New iPhone,"{""timing"":0}","{""cents"":{""numberOfDimes"":0,""numberOfPennies"":0},""dollars"":750,""isNegative"":false}"
495,249,New Car 🚗,"{""timing"":0}","{""cents"":{""numberOfDimes"":0,""numberOfPennies"":0},""dollars"":10000,""isNegative"":false}"
496,249,DJI Mini 2,"{""timing"":0}","{""cents"":{""numberOfDimes"":0,""numberOfPennies"":0},""dollars"":500,""isNegative"":false}"
497,7,Rent,"{""timing"":3,""dayOfTheMonth"":1}","{""cents"":{""numberOfDimes"":0,""numberOfPennies"":0},""dollars"":1000,""isNegative"":false}"
498,7,Electric,"{""timing"":3,""dayOfTheMonth"":5}","{""cents"":{""numberOfDimes"":0,""numberOfPennies"":0},""dollars"":100,""isNegative"":false}"
499,7,Car Payment,"{""timing"":3,""dayOfTheMonth"":15}","{""cents"":{""numberOfDimes"":0,""numberOfPennies"":0},""dollars"":300,""isNegative"":false}"
500,7,Tesla,"{""timing"":0}","{""cents"":{""numberOfDimes"":0,""numberOfPennies"":0},""dollars"":20000,""isNegative"":false}"
501,221,KIA,"{""timing"":3,""dayOfTheMonth"":1}","{""cents"":{""numberOfDimes"":0,""numberOfPennies"":0},""dollars"":578,""isNegative"":false}"
502,480,Buy a Car,"{""timing"":0}","{""cents"":{""numberOfDimes"":0,""numberOfPennies"":0},""dollars"":5000,""isNegative"":false}"
503,7,Emergency Fund,"{""timing"":0}","{""cents"":{""numberOfDimes"":0,""numberOfPennies"":0},""dollars"":6000,""isNegative"":false}"
504,193,German Phone,"{""timing"":3,""dayOfTheMonth"":7}","{""cents"":{""numberOfDimes"":0,""numberOfPennies"":0},""dollars"":40,""isNegative"":false}"
505,193,German Internet,"{""timing"":3,""dayOfTheMonth"":7}","{""cents"":{""numberOfDimes"":0,""numberOfPennies"":0},""dollars"":65,""isNegative"":false}"
506,7,Rent,"{""timing"":3,""dayOfTheMonth"":1}","{""cents"":{""numberOfDimes"":0,""numberOfPennies"":0},""dollars"":1000,""isNegative"":false}"
507,7,Student Loans,"{""timing"":3,""dayOfTheMonth"":5}","{""cents"":{""numberOfDimes"":0,""numberOfPennies"":0},""dollars"":300,""isNegative"":false}"
508,7,Car Loan,"{""timing"":3,""dayOfTheMonth"":5}","{""cents"":{""numberOfDimes"":0,""numberOfPennies"":0},""dollars"":200,""isNegative"":false}"
509,7,Food,"{""timing"":3,""dayOfTheMonth"":20}","{""cents"":{""numberOfDimes"":0,""numberOfPennies"":0},""dollars"":400,""isNegative"":false}"
510,477,House,"{""timing"":0}","{""cents"":{""numberOfDimes"":0,""numberOfPennies"":0},""dollars"":20000,""isNegative"":false}"
511,477,Rent,"{""timing"":3,""dayOfTheMonth"":1}","{""cents"":{""numberOfDimes"":0,""numberOfPennies"":0},""dollars"":450,""isNegative"":false}"
512,477,Verizon,"{""timing"":3,""dayOfTheMonth"":1}","{""cents"":{""numberOfDimes"":0,""numberOfPennies"":0},""dollars"":65,""isNegative"":false}"
513,477,Car insurance,"{""timing"":3,""dayOfTheMonth"":25}","{""cents"":{""numberOfDimes"":0,""numberOfPennies"":0},""dollars"":200,""isNegative"":false}"
514,416,Credit card,"{""timing"":3,""dayOfTheMonth"":1}","{""cents"":{""numberOfDimes"":0,""numberOfPennies"":0},""dollars"":350,""isNegative"":false}"
515,416,Travel,"{""timing"":0}","{""cents"":{""numberOfDimes"":0,""numberOfPennies"":0},""dollars"":5000,""isNegative"":false}"
516,416,Travel,"{""timing"":0}","{""cents"":{""numberOfDimes"":0,""numberOfPennies"":0},""dollars"":5000,""isNegative"":false}"
517,416,Car,"{""timing"":0}","{""cents"":{""numberOfDimes"":0,""numberOfPennies"":0},""dollars"":5000,""isNegative"":false}"
518,416,Airbnb,"{""timing"":0}","{""cents"":{""numberOfDimes"":0,""numberOfPennies"":0},""dollars"":10000,""isNegative"":false}"
519,416,Rent,"{""timing"":3,""dayOfTheMonth"":1}","{""cents"":{""numberOfDimes"":0,""numberOfPennies"":0},""dollars"":200,""isNegative"":false}"
520,416,Internet,"{""timing"":3,""dayOfTheMonth"":16}","{""cents"":{""numberOfDimes"":0,""numberOfPennies"":0},""dollars"":100,""isNegative"":false}"
521,416,Groceries,"{""timing"":3,""dayOfTheMonth"":1}","{""cents"":{""numberOfDimes"":0,""numberOfPennies"":0},""dollars"":140,""isNegative"":false}"
522,416,Gas,"{""timing"":3,""dayOfTheMonth"":15}","{""cents"":{""numberOfDimes"":0,""numberOfPennies"":0},""dollars"":40,""isNegative"":false}"
523,416,CC,"{""timing"":3,""dayOfTheMonth"":1}","{""cents"":{""numberOfDimes"":0,""numberOfPennies"":0},""dollars"":350,""isNegative"":false}"
524,7,Cancun🏖,"{""timing"":0}","{""cents"":{""numberOfDimes"":0,""numberOfPennies"":0},""dollars"":1000,""isNegative"":false}"
525,221,iTunes,"{""timing"":3,""dayOfTheMonth"":1}","{""cents"":{""numberOfDimes"":0,""numberOfPennies"":0},""dollars"":15,""isNegative"":false}"
526,421,Car Payment,"{""timing"":3,""dayOfTheMonth"":5}","{""cents"":{""numberOfDimes"":0,""numberOfPennies"":0},""dollars"":578,""isNegative"":false}"
527,7,Ski Trip,"{""timing"":0}","{""cents"":{""numberOfDimes"":0,""numberOfPennies"":0},""dollars"":1200,""isNegative"":false}"
528,377,Lips,"{""timing"":0}","{""cents"":{""numberOfDimes"":0,""numberOfPennies"":0},""dollars"":750,""isNegative"":false}"
529,523,London,"{""timing"":0}","{""cents"":{""numberOfDimes"":0,""numberOfPennies"":0},""dollars"":6000,""isNegative"":false}"
530,523,Rent,"{""timing"":3,""dayOfTheMonth"":28}","{""cents"":{""numberOfDimes"":0,""numberOfPennies"":0},""dollars"":1000,""isNegative"":false}"
531,523,London,"{""timing"":0}","{""cents"":{""numberOfDimes"":0,""numberOfPennies"":0},""dollars"":6000,""isNegative"":false}"
532,469,Debt free,"{""timing"":0}","{""cents"":{""numberOfDimes"":0,""numberOfPennies"":0},""dollars"":3000,""isNegative"":false}"
533,377,🏡,"{""timing"":0}","{""cents"":{""numberOfDimes"":0,""numberOfPennies"":0},""dollars"":10000,""isNegative"":false}"
534,221,Cd,"{""timing"":0}","{""cents"":{""numberOfDimes"":0,""numberOfPennies"":0},""dollars"":2445,""isNegative"":false}"
535,221,Renta,"{""timing"":3,""dayOfTheMonth"":1}","{""cents"":{""numberOfDimes"":0,""numberOfPennies"":0},""dollars"":200,""isNegative"":false}"
536,221,Phones,"{""timing"":3,""dayOfTheMonth"":4}","{""cents"":{""numberOfDimes"":0,""numberOfPennies"":0},""dollars"":250,""isNegative"":false}"
537,221,Credit Card,"{""timing"":3,""dayOfTheMonth"":20}","{""cents"":{""numberOfDimes"":0,""numberOfPennies"":0},""dollars"":30,""isNegative"":false}"
538,221,Kia Insurance,"{""timing"":3,""dayOfTheMonth"":24}","{""cents"":{""numberOfDimes"":0,""numberOfPennies"":0},""dollars"":80,""isNegative"":false}"
539,221,LA Fin,"{""timing"":3,""dayOfTheMonth"":24}","{""cents"":{""numberOfDimes"":0,""numberOfPennies"":0},""dollars"":100,""isNegative"":false}"
540,221,Playstion,"{""timing"":3,""dayOfTheMonth"":26}","{""cents"":{""numberOfDimes"":0,""numberOfPennies"":0},""dollars"":10,""isNegative"":false}"
541,547,Car,"{""timing"":3,""dayOfTheMonth"":1}","{""cents"":{""numberOfDimes"":0,""numberOfPennies"":0},""dollars"":365,""isNegative"":false}"
542,547,Apartment,"{""timing"":0}","{""cents"":{""numberOfDimes"":0,""numberOfPennies"":0},""dollars"":2500,""isNegative"":false}"
543,547,SpotifyApple,"{""timing"":3,""dayOfTheMonth"":16}","{""cents"":{""numberOfDimes"":0,""numberOfPennies"":0},""dollars"":16,""isNegative"":false}"
544,547,Credit card debt,"{""timing"":3,""dayOfTheMonth"":10}","{""cents"":{""numberOfDimes"":0,""numberOfPennies"":0},""dollars"":600,""isNegative"":false}"
545,561,Rent,"{""timing"":3,""dayOfTheMonth"":1}","{""cents"":{""numberOfDimes"":0,""numberOfPennies"":0},""dollars"":575,""isNegative"":false}"
546,575,Emergency,"{""timing"":0}","{""cents"":{""numberOfDimes"":0,""numberOfPennies"":0},""dollars"":1000,""isNegative"":false}"
547,579,Rent,"{""timing"":3,""dayOfTheMonth"":1}","{""cents"":{""numberOfDimes"":0,""numberOfPennies"":0},""dollars"":1650,""isNegative"":false}"
548,563,Root,"{""timing"":3,""dayOfTheMonth"":24}","{""cents"":{""numberOfDimes"":0,""numberOfPennies"":0},""dollars"":180,""isNegative"":false}"
549,579,Utility,"{""timing"":3,""dayOfTheMonth"":3}","{""cents"":{""numberOfDimes"":0,""numberOfPennies"":0},""dollars"":200,""isNegative"":false}"
550,561,Car,"{""timing"":0}","{""cents"":{""numberOfDimes"":0,""numberOfPennies"":0},""dollars"":8000,""isNegative"":false}"
551,574,Emergency Fund,"{""timing"":0}","{""cents"":{""numberOfDimes"":0,""numberOfPennies"":0},""dollars"":15642,""isNegative"":false}"
552,574,Rent,"{""timing"":3,""dayOfTheMonth"":3}","{""cents"":{""numberOfDimes"":0,""numberOfPennies"":0},""dollars"":1562,""isNegative"":false}"
553,574,Public Storage,"{""timing"":3,""dayOfTheMonth"":1}","{""cents"":{""numberOfDimes"":0,""numberOfPennies"":0},""dollars"":75,""isNegative"":false}"
554,574,Oscar Health,"{""timing"":3,""dayOfTheMonth"":15}","{""cents"":{""numberOfDimes"":0,""numberOfPennies"":0},""dollars"":184,""isNegative"":false}"
555,574,BCU Loan,"{""timing"":3,""dayOfTheMonth"":19}","{""cents"":{""numberOfDimes"":0,""numberOfPennies"":0},""dollars"":487,""isNegative"":false}"
556,574,State Farm,"{""timing"":3,""dayOfTheMonth"":28}","{""cents"":{""numberOfDimes"":0,""numberOfPennies"":0},""dollars"":126,""isNegative"":false}"
557,574,Blue Shield D/V,"{""timing"":3,""dayOfTheMonth"":28}","{""cents"":{""numberOfDimes"":0,""numberOfPennies"":0},""dollars"":50,""isNegative"":false}"
558,574,BCU,"{""timing"":3,""dayOfTheMonth"":19}","{""cents"":{""numberOfDimes"":0,""numberOfPennies"":0},""dollars"":487,""isNegative"":false}"
561,3,Groceries,"{""timing"":3,""dayOfTheMonth"":21}","{""cents"":{""numberOfDimes"":0,""numberOfPennies"":0},""dollars"":450,""isNegative"":false}"
562,561,Car Payment,"{""timing"":3,""dayOfTheMonth"":20}","{""cents"":{""numberOfDimes"":0,""numberOfPennies"":0},""dollars"":180,""isNegative"":false}"
563,561,Car Insurance,"{""timing"":3,""dayOfTheMonth"":8}","{""cents"":{""numberOfDimes"":0,""numberOfPennies"":0},""dollars"":91,""isNegative"":false}"
564,561,Spotify,"{""timing"":3,""dayOfTheMonth"":10}","{""cents"":{""numberOfDimes"":0,""numberOfPennies"":0},""dollars"":11,""isNegative"":false}"
565,3,Investments 📈,"{""timing"":3,""dayOfTheMonth"":1}","{""cents"":{""numberOfDimes"":0,""numberOfPennies"":0},""dollars"":500,""isNegative"":false}"
566,561,House,"{""timing"":0}","{""cents"":{""numberOfDimes"":0,""numberOfPennies"":0},""dollars"":11000,""isNegative"":false}"
567,561,Rent,"{""timing"":3,""dayOfTheMonth"":1}","{""cents"":{""numberOfDimes"":0,""numberOfPennies"":0},""dollars"":575,""isNegative"":false}"
568,561,Xbox,"{""timing"":0}","{""cents"":{""numberOfDimes"":0,""numberOfPennies"":0},""dollars"":600,""isNegative"":false}"
569,561,Lightsaber,"{""timing"":0}","{""cents"":{""numberOfDimes"":0,""numberOfPennies"":0},""dollars"":300,""isNegative"":false}"
570,579,Car Payment,"{""timing"":3,""dayOfTheMonth"":3}","{""cents"":{""numberOfDimes"":0,""numberOfPennies"":0},""dollars"":650,""isNegative"":false}"
571,579,To buy a car,"{""timing"":0}","{""cents"":{""numberOfDimes"":0,""numberOfPennies"":0},""dollars"":10000,""isNegative"":false}"
572,579,Savings,"{""timing"":0}","{""cents"":{""numberOfDimes"":0,""numberOfPennies"":0},""dollars"":5000,""isNegative"":false}"
573,640,Rent,"{""timing"":3,""dayOfTheMonth"":1}","{""cents"":{""numberOfDimes"":0,""numberOfPennies"":0},""dollars"":550,""isNegative"":false}"
574,640,Car Insurance,"{""timing"":3,""dayOfTheMonth"":11}","{""cents"":{""numberOfDimes"":0,""numberOfPennies"":0},""dollars"":100,""isNegative"":false}"
575,640,Apple Music,"{""timing"":3,""dayOfTheMonth"":12}","{""cents"":{""numberOfDimes"":0,""numberOfPennies"":0},""dollars"":15,""isNegative"":false}"
576,640,Zales Credit Card,"{""timing"":3,""dayOfTheMonth"":13}","{""cents"":{""numberOfDimes"":0,""numberOfPennies"":0},""dollars"":118,""isNegative"":false}"
577,640,Chase Credit Card,"{""timing"":3,""dayOfTheMonth"":14}","{""cents"":{""numberOfDimes"":0,""numberOfPennies"":0},""dollars"":40,""isNegative"":false}"
578,640,Discover Credit Card,"{""timing"":3,""dayOfTheMonth"":15}","{""cents"":{""numberOfDimes"":0,""numberOfPennies"":0},""dollars"":35,""isNegative"":false}"
579,640,Phone,"{""timing"":3,""dayOfTheMonth"":25}","{""cents"":{""numberOfDimes"":0,""numberOfPennies"":0},""dollars"":280,""isNegative"":false}"
580,607,Emergency Fund,"{""timing"":0}","{""cents"":{""numberOfDimes"":0,""numberOfPennies"":0},""dollars"":6517,""isNegative"":false}"
581,652,Emergency Fund,"{""timing"":0}","{""cents"":{""numberOfDimes"":0,""numberOfPennies"":0},""dollars"":7097,""isNegative"":false}"
582,668,Mortgage,"{""timing"":3,""dayOfTheMonth"":1}","{""cents"":{""numberOfDimes"":0,""numberOfPennies"":0},""dollars"":1928,""isNegative"":false}"
583,668,Car Payment,"{""timing"":3,""dayOfTheMonth"":24}","{""cents"":{""numberOfDimes"":0,""numberOfPennies"":0},""dollars"":554,""isNegative"":false}"
584,668,Internet,"{""timing"":3,""dayOfTheMonth"":12}","{""cents"":{""numberOfDimes"":0,""numberOfPennies"":0},""dollars"":73,""isNegative"":false}"
585,607,La fitness,"{""timing"":3,""dayOfTheMonth"":14}","{""cents"":{""numberOfDimes"":0,""numberOfPennies"":0},""dollars"":30,""isNegative"":false}"
586,638,Rent,"{""timing"":3,""dayOfTheMonth"":3}","{""cents"":{""numberOfDimes"":0,""numberOfPennies"":0},""dollars"":1100,""isNegative"":false}"
587,638,Internet,"{""timing"":3,""dayOfTheMonth"":3}","{""cents"":{""numberOfDimes"":0,""numberOfPennies"":0},""dollars"":70,""isNegative"":false}"
588,638,Subscriptions,"{""timing"":3,""dayOfTheMonth"":8}","{""cents"":{""numberOfDimes"":0,""numberOfPennies"":0},""dollars"":30,""isNegative"":false}"
589,607,Crunch,"{""timing"":3,""dayOfTheMonth"":28}","{""cents"":{""numberOfDimes"":0,""numberOfPennies"":0},""dollars"":15,""isNegative"":false}"
590,640,Rent,"{""timing"":3,""dayOfTheMonth"":1}","{""cents"":{""numberOfDimes"":0,""numberOfPennies"":0},""dollars"":550,""isNegative"":false}"
591,625,1 Year Anniversary,"{""timing"":0}","{""cents"":{""numberOfDimes"":0,""numberOfPennies"":0},""dollars"":1000,""isNegative"":false}"
592,627,General Savings,"{""timing"":0}","{""cents"":{""numberOfDimes"":0,""numberOfPennies"":0},""dollars"":5000,""isNegative"":false}"
593,135,Travel,"{""timing"":0}","{""cents"":{""numberOfDimes"":0,""numberOfPennies"":0},""dollars"":500,""isNegative"":false}"
594,392,Chegg,"{""timing"":3,""dayOfTheMonth"":3}","{""cents"":{""numberOfDimes"":0,""numberOfPennies"":0},""dollars"":15,""isNegative"":false}"
595,611,Car Payment,"{""timing"":3,""dayOfTheMonth"":3}","{""cents"":{""numberOfDimes"":0,""numberOfPennies"":0},""dollars"":900,""isNegative"":false}"
596,611,Electric,"{""timing"":3,""dayOfTheMonth"":5}","{""cents"":{""numberOfDimes"":0,""numberOfPennies"":0},""dollars"":800,""isNegative"":false}"
597,611,Internet,"{""timing"":3,""dayOfTheMonth"":5}","{""cents"":{""numberOfDimes"":0,""numberOfPennies"":0},""dollars"":800,""isNegative"":false}"
598,611,Naebat system,"{""timing"":0}","{""cents"":{""numberOfDimes"":0,""numberOfPennies"":0},""dollars"":3000,""isNegative"":false}"
599,537,Emergency Fund,"{""timing"":0}","{""cents"":{""numberOfDimes"":0,""numberOfPennies"":0},""dollars"":4562,""isNegative"":false}"
600,747,Student Loan,"{""timing"":3,""dayOfTheMonth"":25}","{""cents"":{""numberOfDimes"":0,""numberOfPennies"":0},""dollars"":800,""isNegative"":false}"
601,747,Credit Card,"{""timing"":3,""dayOfTheMonth"":21}","{""cents"":{""numberOfDimes"":0,""numberOfPennies"":0},""dollars"":250,""isNegative"":false}"
602,743,Emergency Fund,"{""timing"":0}","{""cents"":{""numberOfDimes"":0,""numberOfPennies"":0},""dollars"":1303,""isNegative"":false}"
603,787,Emergency Fund,"{""timing"":0}","{""cents"":{""numberOfDimes"":0,""numberOfPennies"":0},""dollars"":325,""isNegative"":false}"
604,746,Emergency Fund,"{""timing"":0}","{""cents"":{""numberOfDimes"":0,""numberOfPennies"":0},""dollars"":8799,""isNegative"":false}"
605,747,Bronco,"{""timing"":0}","{""cents"":{""numberOfDimes"":0,""numberOfPennies"":0},""dollars"":10000,""isNegative"":false}"
606,818,Emergency Fund,"{""timing"":0}","{""cents"":{""numberOfDimes"":0,""numberOfPennies"":0},""dollars"":4197,""isNegative"":false}"
607,864,Emergency Fund,"{""timing"":0}","{""cents"":{""numberOfDimes"":0,""numberOfPennies"":0},""dollars"":7495,""isNegative"":false}"
608,746,Mortgage,"{""timing"":3,""dayOfTheMonth"":5}","{""cents"":{""numberOfDimes"":0,""numberOfPennies"":0},""dollars"":700,""isNegative"":false}"
609,725,Emergency Fund,"{""timing"":0}","{""cents"":{""numberOfDimes"":0,""numberOfPennies"":0},""dollars"":9151,""isNegative"":false}"
610,746,Car,"{""timing"":3,""dayOfTheMonth"":10}","{""cents"":{""numberOfDimes"":0,""numberOfPennies"":0},""dollars"":700,""isNegative"":false}"
611,864,Apartment,"{""timing"":0}","{""cents"":{""numberOfDimes"":0,""numberOfPennies"":0},""dollars"":5000,""isNegative"":false}"
612,725,Rent,"{""timing"":3,""dayOfTheMonth"":24}","{""cents"":{""numberOfDimes"":0,""numberOfPennies"":0},""dollars"":760,""isNegative"":false}"
613,769,Emergency Fund,"{""timing"":0}","{""cents"":{""numberOfDimes"":0,""numberOfPennies"":0},""dollars"":1303,""isNegative"":false}"
614,864,Car note,"{""timing"":3,""dayOfTheMonth"":3}","{""cents"":{""numberOfDimes"":0,""numberOfPennies"":0},""dollars"":569,""isNegative"":false}"
615,818,Credit Card Bill,"{""timing"":0}","{""cents"":{""numberOfDimes"":0,""numberOfPennies"":0},""dollars"":800,""isNegative"":false}"
616,725,Chase,"{""timing"":3,""dayOfTheMonth"":28}","{""cents"":{""numberOfDimes"":0,""numberOfPennies"":0},""dollars"":151,""isNegative"":false}"
617,864,Phone bill,"{""timing"":3,""dayOfTheMonth"":28}","{""cents"":{""numberOfDimes"":0,""numberOfPennies"":0},""dollars"":79,""isNegative"":false}"
618,725,Apple,"{""timing"":3,""dayOfTheMonth"":27}","{""cents"":{""numberOfDimes"":0,""numberOfPennies"":0},""dollars"":601,""isNegative"":false}"
619,725,Car,"{""timing"":0}","{""cents"":{""numberOfDimes"":0,""numberOfPennies"":0},""dollars"":10000,""isNegative"":false}"
620,725,Best Buy,"{""timing"":3,""dayOfTheMonth"":27}","{""cents"":{""numberOfDimes"":0,""numberOfPennies"":0},""dollars"":70,""isNegative"":false}"
621,725,Capital One QS,"{""timing"":3,""dayOfTheMonth"":10}","{""cents"":{""numberOfDimes"":0,""numberOfPennies"":0},""dollars"":118,""isNegative"":false}"
622,725,Discover,"{""timing"":3,""dayOfTheMonth"":8}","{""cents"":{""numberOfDimes"":0,""numberOfPennies"":0},""dollars"":60,""isNegative"":false}"
623,728,Emergency Fund,"{""timing"":0}","{""cents"":{""numberOfDimes"":0,""numberOfPennies"":0},""dollars"":5540,""isNegative"":false}"
624,728,Credit Card,"{""timing"":3,""dayOfTheMonth"":9}","{""cents"":{""numberOfDimes"":0,""numberOfPennies"":0},""dollars"":80,""isNegative"":false}"
625,723,Emergency Fund,"{""timing"":0}","{""cents"":{""numberOfDimes"":0,""numberOfPennies"":0},""dollars"":15251,""isNegative"":false}"
626,723,Rent,"{""timing"":3,""dayOfTheMonth"":1}","{""cents"":{""numberOfDimes"":0,""numberOfPennies"":0},""dollars"":1486,""isNegative"":false}"
627,723,Car Payment,"{""timing"":3,""dayOfTheMonth"":1}","{""cents"":{""numberOfDimes"":0,""numberOfPennies"":0},""dollars"":510,""isNegative"":false}"
628,723,Subscriptions,"{""timing"":3,""dayOfTheMonth"":20}","{""cents"":{""numberOfDimes"":0,""numberOfPennies"":0},""dollars"":50,""isNegative"":false}"
629,820,Emergency Fund,"{""timing"":0}","{""cents"":{""numberOfDimes"":0,""numberOfPennies"":0},""dollars"":651,""isNegative"":false}"
630,776,Car payment,"{""timing"":3,""dayOfTheMonth"":1}","{""cents"":{""numberOfDimes"":0,""numberOfPennies"":0},""dollars"":718,""isNegative"":false}"
631,716,Rent,"{""timing"":3,""dayOfTheMonth"":20}","{""cents"":{""numberOfDimes"":0,""numberOfPennies"":0},""dollars"":250,""isNegative"":false}"
632,716,Quicksilver,"{""timing"":3,""dayOfTheMonth"":10}","{""cents"":{""numberOfDimes"":0,""numberOfPennies"":0},""dollars"":50,""isNegative"":false}"
633,716,platinum,"{""timing"":3,""dayOfTheMonth"":16}","{""cents"":{""numberOfDimes"":0,""numberOfPennies"":0},""dollars"":50,""isNegative"":false}"
634,747,Jasmyns wedding,"{""timing"":0}","{""cents"":{""numberOfDimes"":0,""numberOfPennies"":0},""dollars"":2500,""isNegative"":false}"
635,785,Emergency Fund,"{""timing"":0}","{""cents"":{""numberOfDimes"":0,""numberOfPennies"":0},""dollars"":3910,""isNegative"":false}"
636,785,Discover CC,"{""timing"":3,""dayOfTheMonth"":1}","{""cents"":{""numberOfDimes"":0,""numberOfPennies"":0},""dollars"":200,""isNegative"":false}"
637,785,American Express,"{""timing"":3,""dayOfTheMonth"":1}","{""cents"":{""numberOfDimes"":0,""numberOfPennies"":0},""dollars"":200,""isNegative"":false}"
638,686,Emergency Fund,"{""timing"":0}","{""cents"":{""numberOfDimes"":0,""numberOfPennies"":0},""dollars"":6191,""isNegative"":false}"
639,745,Emergency Fund,"{""timing"":0}","{""cents"":{""numberOfDimes"":0,""numberOfPennies"":0},""dollars"":5866,""isNegative"":false}"
640,745,Phone bills,"{""timing"":3,""dayOfTheMonth"":1}","{""cents"":{""numberOfDimes"":0,""numberOfPennies"":0},""dollars"":95,""isNegative"":false}"
641,745,Credit Card,"{""timing"":3,""dayOfTheMonth"":4}","{""cents"":{""numberOfDimes"":0,""numberOfPennies"":0},""dollars"":180,""isNegative"":false}"
642,745,Phones,"{""timing"":3,""dayOfTheMonth"":25}","{""cents"":{""numberOfDimes"":0,""numberOfPennies"":0},""dollars"":95,""isNegative"":false}"
643,716,Regristation Sticker,"{""timing"":0}","{""cents"":{""numberOfDimes"":0,""numberOfPennies"":0},""dollars"":200,""isNegative"":false}"
644,716,Laptop,"{""timing"":0}","{""cents"":{""numberOfDimes"":0,""numberOfPennies"":0},""dollars"":1500,""isNegative"":false}"
645,561,Student Loans,"{""timing"":3,""dayOfTheMonth"":15}","{""cents"":{""numberOfDimes"":0,""numberOfPennies"":0},""dollars"":200,""isNegative"":false}"
646,765,Truck,"{""timing"":3,""dayOfTheMonth"":21}","{""cents"":{""numberOfDimes"":0,""numberOfPennies"":0},""dollars"":275,""isNegative"":false}"
647,765,Personal loan,"{""timing"":3,""dayOfTheMonth"":16}","{""cents"":{""numberOfDimes"":0,""numberOfPennies"":0},""dollars"":231,""isNegative"":false}"
648,765,Internet,"{""timing"":3,""dayOfTheMonth"":8}","{""cents"":{""numberOfDimes"":0,""numberOfPennies"":0},""dollars"":87,""isNegative"":false}"
649,765,Truck insurance,"{""timing"":3,""dayOfTheMonth"":28}","{""cents"":{""numberOfDimes"":0,""numberOfPennies"":0},""dollars"":156,""isNegative"":false}"
650,765,Phone bill,"{""timing"":3,""dayOfTheMonth"":27}","{""cents"":{""numberOfDimes"":0,""numberOfPennies"":0},""dollars"":25,""isNegative"":false}"
651,765,Tarah motorcycle,"{""timing"":3,""dayOfTheMonth"":28}","{""cents"":{""numberOfDimes"":0,""numberOfPennies"":0},""dollars"":60,""isNegative"":false}"
652,765,Emergency Fund,"{""timing"":0}","{""cents"":{""numberOfDimes"":0,""numberOfPennies"":0},""dollars"":1500,""isNegative"":false}"
653,588,Car Payment,"{""timing"":3,""dayOfTheMonth"":23}","{""cents"":{""numberOfDimes"":0,""numberOfPennies"":0},""dollars"":100,""isNegative"":false}"
654,725,T-Mobile,"{""timing"":3,""dayOfTheMonth"":24}","{""cents"":{""numberOfDimes"":0,""numberOfPennies"":0},""dollars"":137,""isNegative"":false}"
655,812,Emergency Fund,"{""timing"":0}","{""cents"":{""numberOfDimes"":0,""numberOfPennies"":0},""dollars"":1955,""isNegative"":false}"
656,787,Emergency,"{""timing"":0}","{""cents"":{""numberOfDimes"":0,""numberOfPennies"":0},""dollars"":3000,""isNegative"":false}"
657,787,Car payment,"{""timing"":3,""dayOfTheMonth"":15}","{""cents"":{""numberOfDimes"":0,""numberOfPennies"":0},""dollars"":150,""isNegative"":false}"
658,787,Dog grooming,"{""timing"":3,""dayOfTheMonth"":25}","{""cents"":{""numberOfDimes"":0,""numberOfPennies"":0},""dollars"":60,""isNegative"":false}"
659,563,Rent,"{""timing"":3,""dayOfTheMonth"":28}","{""cents"":{""numberOfDimes"":0,""numberOfPennies"":0},""dollars"":1207,""isNegative"":false}"
660,563,Chase Minimum Paymen,"{""timing"":3,""dayOfTheMonth"":15}","{""cents"":{""numberOfDimes"":0,""numberOfPennies"":0},""dollars"":35,""isNegative"":false}"
661,563,Amazon Prime,"{""timing"":3,""dayOfTheMonth"":4}","{""cents"":{""numberOfDimes"":0,""numberOfPennies"":0},""dollars"":14,""isNegative"":false}"
662,819,Emergency Fund,"{""timing"":0}","{""cents"":{""numberOfDimes"":0,""numberOfPennies"":0},""dollars"":4562,""isNegative"":false}"
663,819,Rent,"{""timing"":3,""dayOfTheMonth"":28}","{""cents"":{""numberOfDimes"":0,""numberOfPennies"":0},""dollars"":810,""isNegative"":false}"
664,819,Utlities,"{""timing"":3,""dayOfTheMonth"":24}","{""cents"":{""numberOfDimes"":0,""numberOfPennies"":0},""dollars"":80,""isNegative"":false}"
665,819,Kays,"{""timing"":3,""dayOfTheMonth"":10}","{""cents"":{""numberOfDimes"":0,""numberOfPennies"":0},""dollars"":200,""isNegative"":false}"
666,813,Emergency Fund,"{""timing"":0}","{""cents"":{""numberOfDimes"":0,""numberOfPennies"":0},""dollars"":2411,""isNegative"":false}"
667,860,Emergency Fund,"{""timing"":0}","{""cents"":{""numberOfDimes"":0,""numberOfPennies"":0},""dollars"":4301,""isNegative"":false}"
668,860,Guagua,"{""timing"":3,""dayOfTheMonth"":8}","{""cents"":{""numberOfDimes"":0,""numberOfPennies"":0},""dollars"":489,""isNegative"":false}"
669,860,Cel,"{""timing"":3,""dayOfTheMonth"":4}","{""cents"":{""numberOfDimes"":0,""numberOfPennies"":0},""dollars"":51,""isNegative"":false}"
670,860,Emergency,"{""timing"":0}","{""cents"":{""numberOfDimes"":0,""numberOfPennies"":0},""dollars"":4000,""isNegative"":false}"
671,747,Student loans,"{""timing"":3,""dayOfTheMonth"":16}","{""cents"":{""numberOfDimes"":0,""numberOfPennies"":0},""dollars"":1000,""isNegative"":false}"
672,747,Captial one,"{""timing"":3,""dayOfTheMonth"":20}","{""cents"":{""numberOfDimes"":0,""numberOfPennies"":0},""dollars"":300,""isNegative"":false}"
673,812,Geico,"{""timing"":3,""dayOfTheMonth"":7}","{""cents"":{""numberOfDimes"":0,""numberOfPennies"":0},""dollars"":395,""isNegative"":false}"
674,812,Khols,"{""timing"":3,""dayOfTheMonth"":16}","{""cents"":{""numberOfDimes"":0,""numberOfPennies"":0},""dollars"":30,""isNegative"":false}"
675,812,Target,"{""timing"":3,""dayOfTheMonth"":16}","{""cents"":{""numberOfDimes"":0,""numberOfPennies"":0},""dollars"":30,""isNegative"":false}"
676,716,Target,"{""timing"":3,""dayOfTheMonth"":22}","{""cents"":{""numberOfDimes"":0,""numberOfPennies"":0},""dollars"":250,""isNegative"":false}"
677,120,Rent,"{""timing"":3,""dayOfTheMonth"":1}","{""cents"":{""numberOfDimes"":0,""numberOfPennies"":0},""dollars"":1000,""isNegative"":false}"
678,120,Car Payment,"{""timing"":3,""dayOfTheMonth"":1}","{""cents"":{""numberOfDimes"":0,""numberOfPennies"":0},""dollars"":175,""isNegative"":false}"
679,120,Internet,"{""timing"":3,""dayOfTheMonth"":18}","{""cents"":{""numberOfDimes"":0,""numberOfPennies"":0},""dollars"":90,""isNegative"":false}"
680,819,Subscrpitions,"{""timing"":3,""dayOfTheMonth"":1}","{""cents"":{""numberOfDimes"":0,""numberOfPennies"":0},""dollars"":50,""isNegative"":false}"
681,120,Trip,"{""timing"":0}","{""cents"":{""numberOfDimes"":0,""numberOfPennies"":0},""dollars"":4000,""isNegative"":false}"
682,852,Emergency Fund,"{""timing"":0}","{""cents"":{""numberOfDimes"":0,""numberOfPennies"":0},""dollars"":10989,""isNegative"":false}"
683,852,CAR,"{""timing"":3,""dayOfTheMonth"":22}","{""cents"":{""numberOfDimes"":0,""numberOfPennies"":0},""dollars"":517,""isNegative"":false}"
684,745,Glasses,"{""timing"":3,""dayOfTheMonth"":25}","{""cents"":{""numberOfDimes"":0,""numberOfPennies"":0},""dollars"":26,""isNegative"":false}"
685,837,Emergency Fund,"{""timing"":0}","{""cents"":{""numberOfDimes"":0,""numberOfPennies"":0},""dollars"":1564,""isNegative"":false}"
686,866,Rent,"{""timing"":3,""dayOfTheMonth"":1}","{""cents"":{""numberOfDimes"":0,""numberOfPennies"":0},""dollars"":600,""isNegative"":false}"
687,725,Emergenc Fund,"{""timing"":0}","{""cents"":{""numberOfDimes"":0,""numberOfPennies"":0},""dollars"":2000,""isNegative"":false}"
688,607,Car,"{""timing"":0}","{""cents"":{""numberOfDimes"":0,""numberOfPennies"":0},""dollars"":5000,""isNegative"":false}"
689,377,Gym memberships,"{""timing"":3,""dayOfTheMonth"":17}","{""cents"":{""numberOfDimes"":0,""numberOfPennies"":0},""dollars"":45,""isNegative"":false}"
690,852,3 PAY DAY LOANS,"{""timing"":3,""dayOfTheMonth"":1}","{""cents"":{""numberOfDimes"":0,""numberOfPennies"":0},""dollars"":300,""isNegative"":false}"
691,798,Mortgage,"{""timing"":3,""dayOfTheMonth"":1}","{""cents"":{""numberOfDimes"":0,""numberOfPennies"":0},""dollars"":1255,""isNegative"":false}"
692,798,Tmobile phone,"{""timing"":3,""dayOfTheMonth"":25}","{""cents"":{""numberOfDimes"":0,""numberOfPennies"":0},""dollars"":198,""isNegative"":false}"
693,798,Emergency fund,"{""timing"":0}","{""cents"":{""numberOfDimes"":0,""numberOfPennies"":0},""dollars"":15000,""isNegative"":false}"
694,798,Netflix,"{""timing"":3,""dayOfTheMonth"":9}","{""cents"":{""numberOfDimes"":0,""numberOfPennies"":0},""dollars"":16,""isNegative"":false}"
695,798,Discovery plus,"{""timing"":3,""dayOfTheMonth"":7}","{""cents"":{""numberOfDimes"":0,""numberOfPennies"":0},""dollars"":10,""isNegative"":false}"
696,798,Car insurance/6month,"{""timing"":0}","{""cents"":{""numberOfDimes"":0,""numberOfPennies"":0},""dollars"":1000,""isNegative"":false}"
697,798,Att home internet,"{""timing"":3,""dayOfTheMonth"":1}","{""cents"":{""numberOfDimes"":0,""numberOfPennies"":0},""dollars"":72,""isNegative"":false}"
698,798,Affirm,"{""timing"":3,""dayOfTheMonth"":28}","{""cents"":{""numberOfDimes"":0,""numberOfPennies"":0},""dollars"":13,""isNegative"":false}"
699,798,Affirm 2,"{""timing"":3,""dayOfTheMonth"":28}","{""cents"":{""numberOfDimes"":0,""numberOfPennies"":0},""dollars"":12,""isNegative"":false}"
700,798,Rooms to go,"{""timing"":3,""dayOfTheMonth"":21}","{""cents"":{""numberOfDimes"":0,""numberOfPennies"":0},""dollars"":61,""isNegative"":false}"
701,798,Victorias secret,"{""timing"":3,""dayOfTheMonth"":13}","{""cents"":{""numberOfDimes"":0,""numberOfPennies"":0},""dollars"":29,""isNegative"":false}"
702,798,Macys credit card,"{""timing"":3,""dayOfTheMonth"":10}","{""cents"":{""numberOfDimes"":0,""numberOfPennies"":0},""dollars"":29,""isNegative"":false}"
703,798,Childrens place/cc,"{""timing"":3,""dayOfTheMonth"":1}","{""cents"":{""numberOfDimes"":0,""numberOfPennies"":0},""dollars"":37,""isNegative"":false}"
704,798,Bread payment,"{""timing"":3,""dayOfTheMonth"":7}","{""cents"":{""numberOfDimes"":0,""numberOfPennies"":0},""dollars"":17,""isNegative"":false}"
705,798,Amazon cc,"{""timing"":3,""dayOfTheMonth"":23}","{""cents"":{""numberOfDimes"":0,""numberOfPennies"":0},""dollars"":48,""isNegative"":false}"
706,798,Att home internet,"{""timing"":3,""dayOfTheMonth"":8}","{""cents"":{""numberOfDimes"":0,""numberOfPennies"":0},""dollars"":72,""isNegative"":false}"
707,246,Farrier,"{""timing"":3,""dayOfTheMonth"":25}","{""cents"":{""numberOfDimes"":0,""numberOfPennies"":0},""dollars"":50,""isNegative"":false}"
708,7,R,"{""timing"":3,""dayOfTheMonth"":1}","{""cents"":{""numberOfDimes"":0,""numberOfPennies"":0},""dollars"":100,""isNegative"":false}"
